,WhelkID,Cage,Bg,Ct,LotP,Mt,NF,START
1,EC0101,EC01,3,0,0,1,37,1
2,EC0102,EC01,2,0,0,3,36,1
3,EC0103,EC01,3,0,0,3,35,1
4,EC0104,EC01,3,0,0,1,37,1
5,EC0105,EC01,1,1,0,1,38,1
6,EC0106,EC01,3,0,0,0,38,1
7,EC0107,EC01,1,0,0,2,38,1
8,EC0108,EC01,3,0,0,3,35,1
9,EC0109,EC01,3,0,0,3,35,1
10,EC0110,EC01,5,0,0,2,34,1
11,EC0111,EC01,3,0,0,3,35,1
12,EC0112,EC01,1,0,0,0,40,1
13,EC0113,EC01,2,0,0,2,37,1
14,EC0114,EC01,2,0,0,3,36,1
15,EC0115,EC01,0,0,0,3,38,1
16,EC0116,EC01,1,0,0,1,17,1
17,EC0116a,EC01,1,0,0,0,20,1
18,EC0117,EC01,1,0,0,2,38,1
19,EC0118,EC01,3,0,0,0,37,1
20,EC0119,EC01,2,0,0,2,37,1
21,EC0120,EC01,2,0,0,2,33,1
22,EC0121,EC01,4,0,0,3,34,1
23,EC0122,EC01,2,0,0,0,38,1
24,EC0123,EC01,0,0,0,4,37,1
25,EC0124,EC01,3,0,0,2,36,1
26,EC0125,EC01,1,0,0,2,38,1
27,EC0126,EC01,2,0,0,2,37,1
28,EC0127,EC01,2,0,0,2,37,1
29,EC0128,EC01,2,0,0,3,36,1
30,EC0129,EC01,2,0,0,1,38,1
31,EC0130,EC01,2,0,0,1,38,1
32,EC0131,EC01,0,0,0,0,3,1
33,EC0201,EC02,4,0,0,0,37,1
34,EC0202,EC02,4,0,0,2,35,1
35,EC0203,EC02,4,0,0,1,36,1
36,EC0204,EC02,0,0,0,0,11,1
37,EC0204a,EC02,4,0,0,0,25,1
38,EC0205,EC02,4,0,0,1,32,1
39,EC0206,EC02,8,0,0,1,32,1
40,EC0207,EC02,11,0,0,1,29,1
41,EC0208,EC02,3,0,0,0,38,1
42,EC0209,EC02,8,0,0,1,32,1
43,EC0210,EC02,1,0,0,1,8,1
44,EC0210a,EC02,4,0,0,0,26,1
45,EC0211,EC02,3,1,0,3,34,1
46,EC0212,EC02,4,0,0,0,37,1
47,EC0213,EC02,4,0,0,1,36,1
48,EC0214,EC02,0,0,0,0,11,1
49,EC0214a,EC02,9,0,0,0,20,1
50,EC0215,EC02,0,0,0,0,20,1
51,EC0215a,EC02,2,0,0,0,18,1
52,EC0216,EC02,5,0,0,2,34,1
53,EC0217,EC02,6,0,0,0,35,1
54,EC0218,EC02,5,0,0,0,35,1
55,EC0219,EC02,3,0,0,1,36,2
56,EC0220,EC02,10,0,0,0,27,1
57,EC0221,EC02,4,0,0,1,36,1
58,EC0222,EC02,4,0,0,4,33,1
59,EC0223,EC02,10,0,0,0,32,1
60,EC0224,EC02,2,0,0,0,11,1
61,EC0224a,EC02,3,0,0,0,24,1
62,EC0225,EC02,5,0,0,1,35,1
63,EC0226,EC02,1,0,0,0,40,1
64,EC0227,EC02,1,0,0,1,34,1
65,EC0227a,EC02,1,0,0,0,3,1
66,EC0228,EC02,7,0,0,0,34,1
67,EC0229,EC02,1,0,0,2,7,1
68,EC0229a,EC02,6,0,0,0,24,1
69,EC0230,EC02,0,0,0,0,2,1
70,EC0230a,EC02,3,0,0,2,33,1
71,EC0231,EC02,0,0,0,0,3,1
72,EC0232,EC02,1,0,0,0,2,1
73,EC0301,EC03,5,0,0,1,34,1
74,EC0302,EC03,3,0,0,4,33,1
75,EC0303,EC03,3,2,0,1,23,1
76,EC0303a,EC03,1,0,0,0,9,1
77,EC0304,EC03,4,0,0,3,29,1
78,EC0305,EC03,3,0,0,3,34,1
79,EC0306,EC03,7,0,0,1,32,1
80,EC0307,EC03,3,0,0,1,36,1
81,EC0308,EC03,5,0,0,3,32,1
82,EC0309,EC03,7,0,0,1,32,1
83,EC0310,EC03,2,0,0,6,32,1
84,EC0311,EC03,3,0,0,3,34,1
85,EC0312,EC03,3,0,0,2,35,1
86,EC0313,EC03,2,0,0,3,35,1
87,EC0314,EC03,2,0,0,2,36,1
88,EC0315,EC03,0,1,0,2,33,1
89,EC0316,EC03,11,0,0,0,29,1
90,EC0317,EC03,4,0,0,2,34,1
91,EC0318,EC03,1,0,0,1,15,1
92,EC0318a,EC03,1,0,0,1,20,1
93,EC0319,EC03,2,0,0,2,36,1
94,EC0320,EC03,4,0,0,0,25,1
95,EC0320a,EC03,0,0,0,0,10,1
96,EC0321,EC03,5,0,0,3,32,1
97,EC0322,EC03,2,0,0,2,36,1
98,EC0323,EC03,4,0,0,2,35,1
99,EC0324,EC03,4,0,0,0,25,1
100,EC0324a,EC03,2,0,0,0,8,1
101,EC0325,EC03,3,0,0,2,35,1
102,EC0326,EC03,8,0,0,1,31,1
103,EC0327,EC03,2,0,0,0,38,1
104,EC0328,EC03,7,0,0,1,32,1
105,EC0329,EC03,3,0,0,0,26,1
106,EC0329a,EC03,1,0,0,0,9,1
107,EC0330,EC03,6,0,0,2,32,1
108,EC0331,EC03,2,0,0,0,1,1
109,EC0332,EC03,1,0,0,0,2,1
110,EC0401,EC04,6,0,0,1,34,1
111,EC0402,EC04,5,0,0,1,34,1
112,EC0403,EC04,10,0,0,1,30,1
113,EC0404,EC04,5,1,0,1,34,1
114,EC0405,EC04,5,0,0,3,29,1
115,EC0406,EC04,5,0,0,0,36,1
116,EC0407,EC04,6,0,0,1,34,1
117,EC0408,EC04,6,0,0,2,33,1
118,EC0409,EC04,3,0,0,1,37,1
119,EC0410,EC04,6,0,0,1,34,1
120,EC0411,EC04,2,0,0,1,38,1
121,EC0412,EC04,4,0,0,1,36,1
122,EC0413,EC04,8,0,0,2,31,1
123,EC0414,EC04,3,0,0,3,35,1
124,EC0415,EC04,3,0,0,3,35,1
125,EC0416,EC04,4,0,0,0,38,0
126,EC0417,EC04,6,0,0,0,34,1
127,EC0418,EC04,6,1,0,0,33,1
128,EC0419,EC04,9,0,0,0,32,1
129,EC0420,EC04,6,0,0,0,35,1
130,EC0421,EC04,5,0,0,0,36,1
131,EC0422,EC04,7,0,0,0,34,1
132,EC0423,EC04,4,0,0,2,35,1
133,EC0424,EC04,6,0,0,1,34,1
134,EC0425,EC04,1,0,0,2,34,1
135,EC0426,EC04,3,0,0,1,37,1
136,EC0427,EC04,10,0,0,0,31,1
137,EC0428,EC04,8,0,0,0,33,1
138,EC0429,EC04,3,0,0,1,37,1
139,EC0430,EC04,6,0,0,0,35,1
140,EC0431,EC04,0,0,0,0,3,1
141,EC0432,EC04,0,0,0,0,3,1
142,EC0501,EC05,10,0,0,0,31,1
143,EC0502,EC05,2,0,0,2,10,1
144,EC0502a,EC05,2,0,0,0,10,1
145,EC0502b,EC05,0,0,0,0,8,1
146,EC0502c,EC05,0,0,0,0,5,1
147,EC0503,EC05,7,0,0,0,34,1
148,EC0504,EC05,4,0,0,0,22,1
149,EC0504a,EC05,0,0,0,0,13,1
150,EC0505,EC05,3,0,0,0,38,1
151,EC0506,EC05,2,0,0,1,30,1
152,EC0506a,EC05,2,0,0,0,4,1
153,EC0507,EC05,4,0,0,2,34,1
154,EC0508,EC05,1,0,0,2,38,1
155,EC0509,EC05,9,0,0,2,30,1
156,EC0510,EC05,3,0,0,0,38,1
157,EC0511,EC05,1,0,0,1,39,1
158,EC0512,EC05,2,0,0,1,34,1
159,EC0513,EC05,4,0,0,1,36,1
160,EC0514,EC05,5,0,0,0,36,1
161,EC0515,EC05,3,0,0,0,37,1
162,EC0516,EC05,7,0,0,1,25,1
163,EC0516a,EC05,0,0,0,0,7,1
164,EC0517,EC05,3,0,0,0,26,1
165,EC0517a,EC05,0,0,0,0,10,1
166,EC0518,EC05,7,0,0,2,32,1
167,EC0519,EC05,4,0,0,1,36,1
168,EC0520,EC05,3,1,0,0,37,1
169,EC0521,EC05,7,0,0,0,33,1
170,EC0522,EC05,6,0,0,1,34,1
171,EC0523,EC05,11,0,0,0,26,1
172,EC0524,EC05,3,0,0,0,38,1
173,EC0525,EC05,7,1,0,0,32,1
174,EC0526,EC05,0,0,0,2,28,1
175,EC0526a,EC05,0,0,0,0,1,1
176,EC0526b,EC05,0,0,0,0,8,1
177,EC0527,EC05,1,0,0,1,39,1
178,EC0528,EC05,4,0,0,1,36,1
179,EC0529,EC05,4,0,0,0,37,1
180,EC0530,EC05,2,0,0,2,37,1
181,EC0531,EC05,0,0,0,0,3,1
182,EC0532,EC05,0,0,0,0,3,1
183,EC0601,EC06,3,0,0,3,34,1
184,EC0602,EC06,8,0,0,2,31,1
185,EC0603,EC06,1,0,0,0,14,1
186,EC0603a,EC06,3,0,0,0,22,1
187,EC0604,EC06,0,0,0,1,13,1
188,EC0604a,EC06,3,0,0,0,23,1
189,EC0605,EC06,1,0,0,2,38,1
190,EC0606,EC06,2,0,0,1,38,1
191,EC0607,EC06,2,0,0,0,27,1
192,EC0607a,EC06,1,0,0,0,10,1
193,EC0608,EC06,4,0,0,5,32,1
194,EC0609,EC06,4,0,0,0,37,1
195,EC0610,EC06,2,0,0,4,35,1
196,EC0611,EC06,1,0,0,0,40,1
197,EC0612,EC06,2,0,0,2,37,1
198,EC0613,EC06,1,0,0,3,37,1
199,EC0614,EC06,2,0,0,0,16,1
200,EC0614a,EC06,0,0,0,0,22,1
201,EC0615,EC06,2,0,0,0,7,1
202,EC0615a,EC06,1,0,0,0,30,1
203,EC0616,EC06,0,0,0,1,7,1
204,EC0616a,EC06,3,0,0,0,32,1
205,EC0617,EC06,2,0,0,1,38,1
206,EC0618,EC06,1,0,0,3,37,1
207,EC0619,EC06,6,0,0,1,34,1
208,EC0620,EC06,0,0,0,0,15,1
209,EC0620a,EC06,6,0,0,0,19,1
210,EC0621,EC06,3,0,0,10,28,1
211,EC0622,EC06,9,0,0,1,31,1
212,EC0623,EC06,7,0,0,1,33,1
213,EC0624,EC06,3,0,0,2,29,1
214,EC0624a,EC06,1,0,0,0,5,1
215,EC0625,EC06,3,0,0,1,37,1
216,EC0626,EC06,3,0,0,1,37,1
217,EC0627,EC06,3,0,0,1,37,1
218,EC0628,EC06,3,0,0,1,37,1
219,EC0629,EC06,4,0,0,2,35,1
220,EC0630,EC06,0,0,0,1,40,1
221,EC0631,EC06,0,0,0,0,3,1
222,EC0701,EC07,5,0,0,0,36,1
223,EC0702,EC07,3,0,0,4,33,1
224,EC0703,EC07,7,0,0,1,33,1
225,EC0704,EC07,3,0,0,2,36,1
226,EC0705,EC07,9,0,0,1,31,1
227,EC0706,EC07,2,0,0,2,27,1
228,EC0706a,EC07,1,0,0,0,8,1
229,EC0707,EC07,5,0,0,4,32,1
230,EC0708,EC07,1,0,0,0,8,1
231,EC0708a,EC07,3,0,0,0,28,1
232,EC0709,EC07,5,0,0,0,36,1
233,EC0710,EC07,2,0,0,2,37,1
234,EC0711,EC07,4,0,0,1,36,1
235,EC0712,EC07,5,0,0,0,36,1
236,EC0713,EC07,5,0,0,1,35,1
237,EC0714,EC07,6,0,0,1,34,1
238,EC0715,EC07,1,0,0,1,12,1
239,EC0715a,EC07,0,0,0,0,26,1
240,EC0716,EC07,2,0,0,2,37,1
241,EC0717,EC07,0,0,0,0,6,1
242,EC0717a,EC07,2,0,0,1,30,1
243,EC0718,EC07,4,0,0,1,36,1
244,EC0719,EC07,2,0,0,1,38,1
245,EC0720,EC07,3,0,0,0,38,1
246,EC0721,EC07,7,0,0,0,34,1
247,EC0722,EC07,2,0,0,2,12,1
248,EC0722a,EC07,5,0,0,1,18,1
249,EC0723,EC07,5,0,0,1,35,1
250,EC0724,EC07,5,0,0,2,34,1
251,EC0725,EC07,1,0,0,2,13,1
252,EC0725a,EC07,1,0,0,1,22,1
253,EC0726,EC07,3,0,0,1,37,1
254,EC0727,EC07,1,0,0,1,39,1
255,EC0728,EC07,2,0,0,1,38,1
256,EC0729,EC07,4,0,0,1,35,1
257,EC0730,EC07,3,0,0,0,38,1
258,EC0801,EC08,3,0,0,3,34,1
259,EC0802,EC08,4,0,0,2,34,1
260,EC0803,EC08,2,0,0,0,38,1
261,EC0804,EC08,5,0,0,1,34,1
262,EC0805,EC08,0,0,0,0,5,1
263,EC0805a,EC08,4,0,0,2,28,1
264,EC0806,EC08,2,0,0,3,35,1
265,EC0807,EC08,2,0,0,5,33,1
266,EC0808,EC08,2,0,0,4,34,1
267,EC0809,EC08,6,0,0,1,29,1
268,EC0810,EC08,2,0,0,2,36,1
269,EC0811,EC08,0,0,0,2,38,1
270,EC0812,EC08,2,0,0,4,34,1
271,EC0813,EC08,4,0,0,1,35,1
272,EC0814,EC08,5,0,0,3,32,1
273,EC0815,EC08,1,0,0,0,0,1
274,EC0815a,EC08,3,0,0,3,32,1
275,EC0816,EC08,4,0,0,1,35,1
276,EC0817,EC08,7,0,0,0,33,1
277,EC0818,EC08,1,0,0,5,34,1
278,EC0819,EC08,0,0,0,3,36,2
279,EC0820,EC08,3,0,0,1,35,1
280,EC0821,EC08,4,0,0,2,34,1
281,EC0822,EC08,3,0,0,2,35,1
282,EC0823,EC08,4,0,0,2,34,1
283,EC0824,EC08,2,0,0,1,37,1
284,EC0825,EC08,4,0,0,2,30,1
285,EC0826,EC08,4,0,0,4,32,1
286,EC0827,EC08,3,0,0,0,37,1
287,EC0828,EC08,3,0,0,4,33,1
288,EC0829,EC08,3,0,0,0,37,1
289,EC0830,EC08,1,0,0,1,38,1
290,EC0831,EC08,0,0,0,0,3,1
291,EC0832,EC08,1,0,0,0,2,1
292,EC0901,EC09,1,0,0,0,39,1
293,EC0902,EC09,4,0,0,2,34,1
294,EC0903,EC09,1,0,0,0,18,1
295,EC0903a,EC09,1,0,0,0,19,1
296,EC0904,EC09,6,0,0,0,34,1
297,EC0905,EC09,4,0,0,0,15,1
298,EC0905a,EC09,0,0,0,0,20,1
299,EC0906,EC09,3,0,0,0,33,1
300,EC0907,EC09,8,0,0,0,26,1
301,EC0908,EC09,0,0,0,0,13,1
302,EC0908a,EC09,2,0,0,0,24,1
303,EC0909,EC09,4,0,0,0,34,1
304,EC0910,EC09,3,0,0,2,35,1
305,EC0911,EC09,4,0,0,0,33,1
306,EC0912,EC09,6,0,0,0,34,1
307,EC0913,EC09,6,0,0,1,33,1
308,EC0914,EC09,7,0,0,0,33,1
309,EC0915,EC09,2,0,0,0,38,1
310,EC0916,EC09,3,0,0,0,37,1
311,EC0917,EC09,3,0,0,0,36,1
312,EC0918,EC09,5,0,0,1,34,1
313,EC0919,EC09,13,0,0,0,26,1
314,EC0920,EC09,0,0,0,0,3,1
315,EC0920a,EC09,0,0,0,0,35,1
316,EC0921,EC09,2,0,0,2,35,1
317,EC0922,EC09,7,0,0,1,32,1
318,EC0923,EC09,5,0,0,3,32,1
319,EC0924,EC09,7,0,0,1,31,1
320,EC0925,EC09,1,0,0,0,39,1
321,EC0926,EC09,1,0,0,0,6,1
322,EC0926a,EC09,4,0,0,0,27,1
323,EC0927,EC09,5,0,1,1,28,1
324,EC0928,EC09,7,0,0,0,33,1
325,EC0929,EC09,8,0,0,0,31,1
326,EC0930,EC09,3,0,0,1,36,1
327,EC0931,EC09,0,0,0,0,3,1
328,EC0932,EC09,0,0,0,0,3,1
329,EC0933,EC09,0,0,0,0,3,1
330,EC0934,EC09,0,0,0,0,3,1
331,EC1001,EC10,0,0,0,0,7,1
332,EC1001a,EC10,5,0,0,0,27,1
333,EC1002,EC10,5,0,0,1,34,1
334,EC1003,EC10,2,0,0,1,37,1
335,EC1004,EC10,3,0,0,2,35,1
336,EC1005,EC10,2,0,0,2,36,1
337,EC1006,EC10,7,0,0,3,30,1
338,EC1007,EC10,4,0,0,1,35,1
339,EC1008,EC10,8,0,0,1,31,1
340,EC1009,EC10,0,0,0,8,31,1
341,EC1010,EC10,4,0,0,3,33,1
342,EC1011,EC10,2,0,0,5,33,1
343,EC1012,EC10,0,0,0,3,37,1
344,EC1013,EC10,5,0,0,2,33,1
345,EC1014,EC10,7,0,0,1,32,1
346,EC1015,EC10,2,0,0,1,27,1
347,EC1015a,EC10,2,0,0,0,7,1
348,EC1016,EC10,3,0,0,7,30,1
349,EC1017,EC10,4,0,0,5,31,1
350,EC1018,EC10,3,0,0,4,28,1
351,EC1018a,EC10,1,0,0,0,3,1
352,EC1019,EC10,2,0,0,4,34,1
353,EC1020,EC10,1,0,0,1,16,1
354,EC1020a,EC10,1,0,0,2,18,1
355,EC1021,EC10,1,0,0,3,36,1
356,EC1022,EC10,6,0,0,0,34,1
357,EC1023,EC10,7,0,0,5,28,1
358,EC1024,EC10,2,0,0,1,37,1
359,EC1025,EC10,0,0,0,10,30,1
360,EC1026,EC10,1,0,0,3,36,1
361,EC1027,EC10,8,0,0,3,28,1
362,EC1028,EC10,0,0,0,0,5,1
363,EC1028a,EC10,5,0,0,0,29,1
364,EC1029,EC10,1,0,0,3,35,1
365,EC1030,EC10,3,0,0,1,36,1
366,EC1101,EC11,4,0,0,0,36,1
367,EC1102,EC11,6,0,0,0,34,1
368,EC1103,EC11,9,0,0,0,31,1
369,EC1104,EC11,1,0,0,0,14,1
370,EC1104a,EC11,7,0,0,0,16,1
371,EC1105,EC11,0,0,0,0,36,1
372,EC1106,EC11,6,0,0,1,33,1
373,EC1107,EC11,9,0,0,1,30,1
374,EC1108,EC11,6,0,0,0,30,1
375,EC1109,EC11,7,0,0,0,29,1
376,EC1109a,EC11,4,0,0,1,33,1
377,EC1110,EC11,7,0,0,0,33,1
378,EC1111,EC11,4,0,0,2,34,1
379,EC1112,EC11,7,0,0,2,30,1
380,EC1113,EC11,7,0,0,0,33,1
381,EC1114,EC11,5,0,0,0,35,1
382,EC1115,EC11,6,0,0,1,32,1
383,EC1116,EC11,5,0,0,1,34,1
384,EC1117,EC11,4,0,0,0,36,1
385,EC1118,EC11,0,0,0,0,1,1
386,EC1118a,EC11,2,0,0,0,11,1
387,EC1118b,EC11,9,0,0,0,15,1
388,EC1119,EC11,4,0,0,0,35,1
389,EC1120,EC11,10,0,0,0,29,1
390,EC1121,EC11,10,0,0,0,30,1
391,EC1122,EC11,3,0,0,0,37,0
392,EC1123,EC11,7,0,0,0,33,1
393,EC1124,EC11,10,0,0,0,30,1
394,EC1125,EC11,6,0,0,0,34,1
395,EC1126,EC11,7,0,0,1,32,1
396,EC1127,EC11,6,0,0,0,34,1
397,EC1128,EC11,9,0,0,0,28,1
398,EC1129,EC11,2,0,0,2,36,1
399,EC1130,EC11,0,0,0,0,1,1
400,EC1131,EC11,0,0,0,0,3,1
401,EC1132,EC11,0,0,0,0,3,1
402,EC1133,EC11,0,0,0,0,3,1
403,EC1201,EC12,5,0,0,3,31,1
404,EC1202,EC12,3,0,0,1,35,1
405,EC1203,EC12,6,0,0,2,31,1
406,EC1204,EC12,4,0,0,1,23,1
407,EC1204a,EC12,0,0,0,0,10,1
408,EC1205,EC12,2,0,0,0,37,1
409,EC1206,EC12,3,0,0,3,32,1
410,EC1207,EC12,5,0,0,2,32,1
411,EC1208,EC12,3,0,0,3,33,1
412,EC1209,EC12,1,0,0,0,26,1
413,EC1209a,EC12,0,0,0,0,10,1
414,EC1210,EC12,8,0,0,0,31,1
415,EC1211,EC12,3,0,0,0,36,1
416,EC1212,EC12,8,0,0,1,10,1
417,EC1212a,EC12,1,0,0,3,15,1
418,EC1213,EC12,3,0,0,1,24,1
419,EC1213a,EC12,2,0,0,0,8,1
420,EC1214,EC12,0,0,0,0,39,1
421,EC1215,EC12,4,0,0,2,32,1
422,EC1216,EC12,4,0,0,3,32,1
423,EC1217,EC12,9,0,0,1,29,1
424,EC1218,EC12,0,0,0,3,36,1
425,EC1219,EC12,2,0,0,5,31,1
426,EC1220,EC12,6,0,0,2,31,1
427,EC1221,EC12,4,0,0,5,29,1
428,EC1222,EC12,5,0,0,1,33,1
429,EC1223,EC12,4,0,0,2,33,1
430,EC1224,EC12,3,0,0,5,31,1
431,EC1225,EC12,4,0,0,0,35,1
432,EC1226,EC12,7,0,0,0,32,1
433,EC1227,EC12,2,0,0,1,36,1
434,EC1228,EC12,2,0,0,1,36,1
435,EC1229,EC12,3,0,0,1,35,1
436,EC1230,EC12,8,0,0,1,30,1
437,EC1301,EC13,6,0,0,2,32,1
438,EC1302,EC13,3,0,0,0,37,1
439,EC1303,EC13,7,0,0,2,27,1
440,EC1304,EC13,3,0,0,1,36,1
441,EC1305,EC13,1,0,0,0,39,1
442,EC1306,EC13,1,0,0,0,4,1
443,EC1306a,EC13,2,0,0,1,30,1
444,EC1307,EC13,4,0,0,0,36,1
445,EC1308,EC13,4,0,0,2,23,1
446,EC1308a,EC13,3,0,0,0,7,1
447,EC1309,EC13,0,0,0,0,6,1
448,EC1309a,EC13,0,0,0,0,10,1
449,EC1309b,EC13,2,0,0,0,20,1
450,EC1310,EC13,1,0,0,0,17,1
451,EC1310a,EC13,0,0,0,0,20,1
452,EC1311,EC13,5,0,0,3,32,1
453,EC1312,EC13,1,0,0,1,37,1
454,EC1313,EC13,2,0,0,0,37,2
455,EC1314,EC13,4,0,0,1,34,1
456,EC1315,EC13,3,0,0,0,37,1
457,EC1316,EC13,0,0,0,0,9,1
458,EC1316a,EC13,5,0,0,0,25,1
459,EC1317,EC13,0,0,0,1,18,1
460,EC1317a,EC13,2,0,0,0,18,1
461,EC1318,EC13,1,0,0,2,37,1
462,EC1319,EC13,1,0,0,1,38,1
463,EC1320,EC13,1,0,0,0,28,1
464,EC1320a,EC13,0,0,0,0,10,1
465,EC1321,EC13,4,0,0,0,36,1
466,EC1322,EC13,2,0,0,1,37,1
467,EC1323,EC13,0,0,0,0,1,1
468,EC1323a,EC13,4,0,0,2,32,1
469,EC1324,EC13,0,0,0,2,38,1
470,EC1325,EC13,4,0,0,0,36,1
471,EC1326,EC13,0,0,0,0,36,1
472,EC1327,EC13,3,0,0,2,35,1
473,EC1328,EC13,3,0,0,1,36,1
474,EC1329,EC13,0,0,0,2,38,1
475,EC1330,EC13,3,0,0,2,35,1
476,EC1331,EC13,0,0,0,0,3,1
477,EC1332,EC13,0,0,0,0,3,1
478,EC1401,EC14,2,0,0,1,38,1
479,EC1402,EC14,0,0,0,0,6,1
480,EC1402a,EC14,1,0,0,0,32,1
481,EC1403,EC14,3,0,0,1,37,1
482,EC1404,EC14,2,0,0,0,39,1
483,EC1405,EC14,4,0,0,3,34,1
484,EC1406,EC14,6,0,0,3,32,1
485,EC1407,EC14,3,0,0,1,37,1
486,EC1408,EC14,8,0,0,1,32,1
487,EC1409,EC14,5,0,0,2,34,1
488,EC1410,EC14,3,0,0,1,37,1
489,EC1411,EC14,5,0,0,3,33,1
490,EC1412,EC14,1,0,0,0,0,1
491,EC1412a,EC14,0,0,0,2,37,1
492,EC1413,EC14,3,0,0,2,36,1
493,EC1414,EC14,6,0,0,0,34,1
494,EC1415,EC14,2,0,0,1,38,1
495,EC1416,EC14,1,0,0,1,18,1
496,EC1416a,EC14,1,0,0,0,19,1
497,EC1417,EC14,5,0,0,0,36,1
498,EC1418,EC14,3,0,0,1,37,1
499,EC1419,EC14,3,0,0,1,36,1
500,EC1420,EC14,2,0,0,0,39,1
501,EC1421,EC14,0,0,0,0,41,1
502,EC1422,EC14,6,0,0,2,33,1
503,EC1423,EC14,0,0,0,3,38,1
504,EC1424,EC14,9,0,0,2,30,1
505,EC1425,EC14,2,0,0,3,36,1
506,EC1426,EC14,2,0,0,0,39,1
507,EC1427,EC14,10,0,0,0,31,1
508,EC1428,EC14,0,0,0,0,17,1
509,EC1428a,EC14,4,0,0,0,18,1
510,EC1429,EC14,1,0,0,2,17,1
511,EC1429a,EC14,3,0,0,0,17,1
512,EC1430,EC14,2,0,0,1,38,1
513,EC1501,EC15,7,0,0,0,33,1
514,EC1502,EC15,10,0,0,1,29,1
515,EC1503,EC15,9,0,0,0,31,1
516,EC1504,EC15,11,0,0,0,20,1
517,EC1504a,EC15,0,0,0,0,8,1
518,EC1505,EC15,11,0,0,0,29,1
519,EC1506,EC15,5,0,0,2,33,1
520,EC1507,EC15,6,0,0,1,33,1
521,EC1508,EC15,3,0,0,0,37,1
522,EC1509,EC15,3,0,0,1,36,1
523,EC1510,EC15,16,0,0,1,23,1
524,EC1511,EC15,8,0,0,0,32,1
525,EC1512,EC15,5,0,0,2,33,1
526,EC1513,EC15,2,0,0,1,37,1
527,EC1514,EC15,4,0,0,2,34,1
528,EC1515,EC15,6,0,0,0,34,1
529,EC1516,EC15,8,0,0,1,31,1
530,EC1517,EC15,2,0,0,0,38,1
531,EC1518,EC15,6,0,0,0,26,1
532,EC1518a,EC15,3,0,0,0,4,1
533,EC1519,EC15,7,0,0,1,32,1
534,EC1520,EC15,7,0,0,0,33,1
535,EC1521,EC15,2,0,0,1,37,1
536,EC1522,EC15,6,0,0,0,34,1
537,EC1523,EC15,8,0,0,1,31,1
538,EC1524,EC15,2,0,0,0,31,1
539,EC1524a,EC15,0,0,0,0,6,1
540,EC1525,EC15,0,0,0,0,19,1
541,EC1525a,EC15,6,0,0,0,14,1
542,EC1526,EC15,1,0,0,0,39,1
543,EC1527,EC15,7,0,0,1,32,1
544,EC1528,EC15,1,0,0,1,38,1
545,EC1529,EC15,5,0,0,1,34,1
546,EC1530,EC15,2,0,0,1,15,1
547,EC1530a,EC15,2,0,0,0,5,1
548,EC1530b,EC15,6,0,0,0,7,1
549,EC1601,EC16,9,0,0,2,29,1
550,EC1602,EC16,5,0,0,0,35,1
551,EC1603,EC16,4,0,0,1,35,1
552,EC1604,EC16,6,0,0,0,34,1
553,EC1605,EC16,3,0,0,0,36,1
554,EC1606,EC16,7,0,0,0,33,1
555,EC1607,EC16,4,0,0,1,30,1
556,EC1607a,EC16,1,0,0,0,2,1
557,EC1608,EC16,6,0,0,3,31,1
558,EC1609,EC16,6,0,0,0,34,1
559,EC1610,EC16,2,0,0,3,35,1
560,EC1611,EC16,1,0,0,2,12,1
561,EC1611a,EC16,3,0,0,1,20,1
562,EC1612,EC16,0,0,0,2,38,1
563,EC1613,EC16,6,0,0,1,33,1
564,EC1614,EC16,4,0,0,0,36,1
565,EC1615,EC16,6,0,0,0,34,1
566,EC1616,EC16,2,0,0,0,38,1
567,EC1617,EC16,2,0,0,0,37,1
568,EC1618,EC16,3,0,0,0,37,1
569,EC1619,EC16,4,0,0,0,36,1
570,EC1620,EC16,3,0,0,0,37,1
571,EC1621,EC16,4,0,0,2,34,1
572,EC1622,EC16,4,0,0,1,35,1
573,EC1623,EC16,3,0,0,1,36,1
574,EC1624,EC16,6,0,0,1,33,1
575,EC1625,EC16,3,0,0,2,35,1
576,EC1626,EC16,5,0,0,1,24,1
577,EC1626a,EC16,0,0,0,0,9,1
578,EC1627,EC16,2,0,0,2,34,1
579,EC1627a,EC16,0,0,0,0,1,1
580,EC1628,EC16,7,0,0,4,29,1
581,EC1629,EC16,1,0,0,0,9,1
582,EC1629a,EC16,3,0,0,3,23,1
583,EC1630,EC16,4,0,0,2,34,1
584,EC1701,EC17,0,0,0,3,35,1
585,EC1702,EC17,2,0,0,0,37,1
586,EC1703,EC17,4,0,0,0,35,1
587,EC1704,EC17,0,0,0,0,39,1
588,EC1705,EC17,4,0,0,0,34,1
589,EC1706,EC17,0,0,0,2,10,1
590,EC1706a,EC17,4,0,0,0,22,1
591,EC1707,EC17,4,0,0,0,35,1
592,EC1708,EC17,7,0,0,0,32,1
593,EC1709,EC17,0,0,0,0,7,1
594,EC1709a,EC17,0,0,0,0,6,1
595,EC1709b,EC17,1,0,0,1,22,1
596,EC1710,EC17,4,0,0,3,32,1
597,EC1711,EC17,2,0,0,1,32,1
598,EC1711a,EC17,1,0,0,0,0,1
599,EC1712,EC17,4,0,0,2,33,1
600,EC1713,EC17,2,0,0,0,37,1
601,EC1714,EC17,4,0,0,0,35,1
602,EC1715,EC17,4,0,0,2,33,1
603,EC1716,EC17,2,0,0,1,36,1
604,EC1717,EC17,1,0,0,0,37,1
605,EC1718,EC17,3,0,0,0,36,1
606,EC1719,EC17,2,0,0,1,14,1
607,EC1719a,EC17,0,0,0,0,21,1
608,EC1720,EC17,0,0,0,3,35,1
609,EC1721,EC17,3,0,0,1,35,1
610,EC1722,EC17,2,0,0,1,35,1
611,EC1723,EC17,3,0,0,0,36,1
612,EC1724,EC17,4,0,0,2,33,1
613,EC1725,EC17,8,0,0,2,29,1
614,EC1726,EC17,0,0,0,0,2,1
615,EC1726a,EC17,4,0,0,2,30,1
616,EC1727,EC17,5,0,0,0,34,1
617,EC1728,EC17,2,0,0,2,35,1
618,EC1729,EC17,4,0,0,0,35,1
619,EC1730,EC17,0,0,0,1,37,1
620,EC1801,EC18,0,0,0,0,39,1
621,EC1802,EC18,0,0,0,0,18,1
622,EC1802a,EC18,0,0,0,0,20,1
623,EC1803,EC18,8,0,0,0,31,1
624,EC1804,EC18,8,0,0,1,30,1
625,EC1805,EC18,0,0,0,1,15,1
626,EC1805a,EC18,3,0,0,0,19,1
627,EC1806,EC18,6,0,0,1,32,1
628,EC1807,EC18,3,0,0,0,36,1
629,EC1808,EC18,4,0,0,1,34,1
630,EC1809,EC18,0,0,0,3,36,1
631,EC1810,EC18,2,0,0,0,37,1
632,EC1811,EC18,1,0,0,3,35,1
633,EC1812,EC18,0,0,0,1,38,1
634,EC1813,EC18,4,0,0,1,29,1
635,EC1813a,EC18,0,0,0,0,4,1
636,EC1814,EC18,0,0,0,0,7,1
637,EC1814a,EC18,2,0,0,0,29,1
638,EC1815,EC18,6,0,0,0,33,1
639,EC1816,EC18,3,0,0,0,36,1
640,EC1817,EC18,4,0,0,1,34,1
641,EC1818,EC18,1,0,0,0,38,1
642,EC1819,EC18,4,0,0,1,33,1
643,EC1820,EC18,4,0,0,2,33,1
644,EC1821,EC18,3,0,0,1,35,1
645,EC1822,EC18,3,1,0,2,33,1
646,EC1823,EC18,3,0,0,1,34,1
647,EC1824,EC18,4,0,0,1,34,1
648,EC1825,EC18,1,0,0,1,37,1
649,EC1826,EC18,6,0,0,1,32,1
650,EC1827,EC18,8,0,0,1,30,1
651,EC1828,EC18,1,0,0,0,10,1
652,EC1828a,EC18,3,0,0,0,23,1
653,EC1829,EC18,0,0,0,0,39,1
654,EC1830,EC18,5,0,0,2,32,1
655,EC1901,EC19,6,0,0,1,32,1
656,EC1902,EC19,8,0,0,1,29,1
657,EC1903,EC19,10,0,0,2,25,1
658,EC1904,EC19,0,0,0,0,1,1
659,EC1904a,EC19,3,0,0,5,29,1
660,EC1905,EC19,6,0,0,0,33,1
661,EC1906,EC19,12,0,0,4,23,1
662,EC1907,EC19,4,0,0,1,34,1
663,EC1908,EC19,5,0,0,1,33,1
664,EC1909,EC19,1,0,0,2,36,1
665,EC1910,EC19,1,0,0,2,35,1
666,EC1911,EC19,3,0,0,1,35,1
667,EC1912,EC19,2,0,0,2,34,1
668,EC1913,EC19,6,0,0,1,32,1
669,EC1914,EC19,8,0,0,2,29,1
670,EC1915,EC19,1,0,0,0,37,1
671,EC1916,EC19,3,0,0,1,35,1
672,EC1917,EC19,3,0,0,1,35,1
673,EC1918,EC19,8,0,0,1,30,1
674,EC1919,EC19,6,0,0,0,33,1
675,EC1920,EC19,4,0,0,0,35,1
676,EC1921,EC19,4,0,0,0,35,1
677,EC1922,EC19,5,0,0,1,33,1
678,EC1923,EC19,8,0,0,2,29,1
679,EC1924,EC19,6,0,0,2,30,1
680,EC1925,EC19,6,0,0,0,33,1
681,EC1926,EC19,3,0,0,1,35,1
682,EC1927,EC19,6,0,0,1,32,1
683,EC1928,EC19,7,0,0,0,32,1
684,EC1929,EC19,2,0,0,3,34,1
685,EC1930,EC19,3,0,0,1,35,1
686,EC2001,EC20,0,0,0,1,38,1
687,EC2002,EC20,5,0,0,0,34,1
688,EC2003,EC20,4,0,0,5,30,1
689,EC2004,EC20,4,0,0,3,32,1
690,EC2005,EC20,1,0,0,2,36,1
691,EC2006,EC20,4,0,0,0,35,1
692,EC2007,EC20,1,0,0,4,34,1
693,EC2008,EC20,0,0,0,1,38,1
694,EC2009,EC20,2,0,0,2,35,1
695,EC2010,EC20,0,0,0,3,36,1
696,EC2011,EC20,3,0,0,0,36,1
697,EC2012,EC20,1,0,0,0,38,1
698,EC2013,EC20,2,0,0,1,36,1
699,EC2014,EC20,1,0,0,2,36,1
700,EC2015,EC20,0,0,0,1,38,1
701,EC2016,EC20,2,0,0,1,36,1
702,EC2017,EC20,1,0,0,6,32,1
703,EC2018,EC20,4,0,0,1,34,1
704,EC2019,EC20,1,0,0,0,7,1
705,EC2019a,EC20,0,0,0,1,29,1
706,EC2020,EC20,0,0,0,2,37,1
707,EC2021,EC20,4,0,0,0,35,1
708,EC2022,EC20,0,0,0,0,39,1
709,EC2023,EC20,4,0,0,1,34,1
710,EC2024,EC20,2,0,0,3,34,1
711,EC2025,EC20,0,0,0,1,13,1
712,EC2025a,EC20,0,0,0,0,0,1
713,EC2025b,EC20,0,0,0,3,20,1
714,EC2026,EC20,1,0,0,2,36,1
715,EC2027,EC20,2,0,0,3,34,1
716,EC2028,EC20,0,0,0,0,4,1
717,EC2028a,EC20,1,0,0,1,32,1
718,EC2029,EC20,3,0,0,0,36,1
719,EC2030,EC20,1,0,0,0,38,1
