"","WhelkID","Cage","Bg","Ct","LotP","Mt"
"1","EC0101","EC01",0.488023476620325,0.274095505579923,0.862942423486504,0.772489960493606
"2","EC0102","EC01",0.488023476620325,0.274095505579923,0.862942423486504,0.772489960493606
"3","EC0103","EC01",0.488023476620325,0.274095505579923,0.862942423486504,0.772489960493606
"4","EC0104","EC01",0.488023476620325,0.274095505579923,0.862942423486504,0.772489960493606
"5","EC0105","EC01",0.488023476620325,0.274095505579923,0.862942423486504,0.772489960493606
"6","EC0106","EC01",0.488023476620325,0.274095505579923,0.862942423486504,0.772489960493606
"7","EC0107","EC01",0.488023476620325,0.274095505579923,0.862942423486504,0.772489960493606
"8","EC0108","EC01",0.488023476620325,0.274095505579923,0.862942423486504,0.772489960493606
"9","EC0109","EC01",0.488023476620325,0.274095505579923,0.862942423486504,0.772489960493606
"10","EC0110","EC01",0.488023476620325,0.274095505579923,0.862942423486504,0.772489960493606
"11","EC0111","EC01",0.488023476620325,0.274095505579923,0.862942423486504,0.772489960493606
"12","EC0112","EC01",0.488023476620325,0.274095505579923,0.862942423486504,0.772489960493606
"13","EC0113","EC01",0.488023476620325,0.274095505579923,0.862942423486504,0.772489960493606
"14","EC0114","EC01",0.488023476620325,0.274095505579923,0.862942423486504,0.772489960493606
"15","EC0115","EC01",0.488023476620325,0.274095505579923,0.862942423486504,0.772489960493606
"16","EC0116","EC01",0.488023476620325,0.274095505579923,0.862942423486504,0.772489960493606
"17","EC0116a","EC01",0.488023476620325,0.274095505579923,0.862942423486504,0.772489960493606
"18","EC0117","EC01",0.488023476620325,0.274095505579923,0.862942423486504,0.772489960493606
"19","EC0118","EC01",0.488023476620325,0.274095505579923,0.862942423486504,0.772489960493606
"20","EC0119","EC01",0.488023476620325,0.274095505579923,0.862942423486504,0.772489960493606
"21","EC0120","EC01",0.488023476620325,0.274095505579923,0.862942423486504,0.772489960493606
"22","EC0121","EC01",0.488023476620325,0.274095505579923,0.862942423486504,0.772489960493606
"23","EC0122","EC01",0.488023476620325,0.274095505579923,0.862942423486504,0.772489960493606
"24","EC0123","EC01",0.488023476620325,0.274095505579923,0.862942423486504,0.772489960493606
"25","EC0124","EC01",0.488023476620325,0.274095505579923,0.862942423486504,0.772489960493606
"26","EC0125","EC01",0.488023476620325,0.274095505579923,0.862942423486504,0.772489960493606
"27","EC0126","EC01",0.488023476620325,0.274095505579923,0.862942423486504,0.772489960493606
"28","EC0127","EC01",0.488023476620325,0.274095505579923,0.862942423486504,0.772489960493606
"29","EC0128","EC01",0.488023476620325,0.274095505579923,0.862942423486504,0.772489960493606
"30","EC0129","EC01",0.488023476620325,0.274095505579923,0.862942423486504,0.772489960493606
"31","EC0130","EC01",0.488023476620325,0.274095505579923,0.862942423486504,0.772489960493606
"32","EC0131","EC01",0.488023476620325,0.274095505579923,0.862942423486504,0.772489960493606
"33","EC0201","EC02",0.488023476620325,0.274095505579923,0.862942423486504,0.772489960493606
"34","EC0202","EC02",0.488023476620325,0.274095505579923,0.862942423486504,0.772489960493606
"35","EC0203","EC02",0.488023476620325,0.274095505579923,0.862942423486504,0.772489960493606
"36","EC0204","EC02",0.488023476620325,0.274095505579923,0.862942423486504,0.772489960493606
"37","EC0204a","EC02",0.488023476620325,0.274095505579923,0.862942423486504,0.772489960493606
"38","EC0205","EC02",0.488023476620325,0.274095505579923,0.862942423486504,0.772489960493606
"39","EC0206","EC02",0.488023476620325,0.274095505579923,0.862942423486504,0.772489960493606
"40","EC0207","EC02",0.488023476620325,0.274095505579923,0.862942423486504,0.772489960493606
"41","EC0208","EC02",0.488023476620325,0.274095505579923,0.862942423486504,0.772489960493606
"42","EC0209","EC02",0.488023476620325,0.274095505579923,0.862942423486504,0.772489960493606
"43","EC0210","EC02",0.488023476620325,0.274095505579923,0.862942423486504,0.772489960493606
"44","EC0210a","EC02",0.488023476620325,0.274095505579923,0.862942423486504,0.772489960493606
"45","EC0211","EC02",0.488023476620325,0.274095505579923,0.862942423486504,0.772489960493606
"46","EC0212","EC02",0.488023476620325,0.274095505579923,0.862942423486504,0.772489960493606
"47","EC0213","EC02",0.488023476620325,0.274095505579923,0.862942423486504,0.772489960493606
"48","EC0214","EC02",0.488023476620325,0.274095505579923,0.862942423486504,0.772489960493606
"49","EC0214a","EC02",0.488023476620325,0.274095505579923,0.862942423486504,0.772489960493606
"50","EC0215","EC02",0.488023476620325,0.274095505579923,0.862942423486504,0.772489960493606
"51","EC0215a","EC02",0.488023476620325,0.274095505579923,0.862942423486504,0.772489960493606
"52","EC0216","EC02",0.488023476620325,0.274095505579923,0.862942423486504,0.772489960493606
"53","EC0217","EC02",0.488023476620325,0.274095505579923,0.862942423486504,0.772489960493606
"54","EC0218","EC02",0.488023476620325,0.274095505579923,0.862942423486504,0.772489960493606
"55","EC0219","EC02",0.488023476620325,0.274095505579923,0.862942423486504,0.772489960493606
"56","EC0220","EC02",0.488023476620325,0.274095505579923,0.862942423486504,0.772489960493606
"57","EC0221","EC02",0.488023476620325,0.274095505579923,0.862942423486504,0.772489960493606
"58","EC0222","EC02",0.488023476620325,0.274095505579923,0.862942423486504,0.772489960493606
"59","EC0223","EC02",0.488023476620325,0.274095505579923,0.862942423486504,0.772489960493606
"60","EC0224","EC02",0.488023476620325,0.274095505579923,0.862942423486504,0.772489960493606
"61","EC0224a","EC02",0.488023476620325,0.274095505579923,0.862942423486504,0.772489960493606
"62","EC0225","EC02",0.488023476620325,0.274095505579923,0.862942423486504,0.772489960493606
"63","EC0226","EC02",0.488023476620325,0.274095505579923,0.862942423486504,0.772489960493606
"64","EC0227","EC02",0.488023476620325,0.274095505579923,0.862942423486504,0.772489960493606
"65","EC0227a","EC02",0.488023476620325,0.274095505579923,0.862942423486504,0.772489960493606
"66","EC0228","EC02",0.488023476620325,0.274095505579923,0.862942423486504,0.772489960493606
"67","EC0229","EC02",0.488023476620325,0.274095505579923,0.862942423486504,0.772489960493606
"68","EC0229a","EC02",0.488023476620325,0.274095505579923,0.862942423486504,0.772489960493606
"69","EC0230","EC02",0.488023476620325,0.274095505579923,0.862942423486504,0.772489960493606
"70","EC0230a","EC02",0.488023476620325,0.274095505579923,0.862942423486504,0.772489960493606
"71","EC0231","EC02",0.488023476620325,0.274095505579923,0.862942423486504,0.772489960493606
"72","EC0232","EC02",0.488023476620325,0.274095505579923,0.862942423486504,0.772489960493606
"73","EC0301","EC03",0.488023476620325,0.274095505579923,0.862942423486504,0.772489960493606
"74","EC0302","EC03",0.488023476620325,0.274095505579923,0.862942423486504,0.772489960493606
"75","EC0303","EC03",0.488023476620325,0.274095505579923,0.862942423486504,0.772489960493606
"76","EC0303a","EC03",0.488023476620325,0.274095505579923,0.862942423486504,0.772489960493606
"77","EC0304","EC03",0.488023476620325,0.274095505579923,0.862942423486504,0.772489960493606
"78","EC0305","EC03",0.488023476620325,0.274095505579923,0.862942423486504,0.772489960493606
"79","EC0306","EC03",0.488023476620325,0.274095505579923,0.862942423486504,0.772489960493606
"80","EC0307","EC03",0.488023476620325,0.274095505579923,0.862942423486504,0.772489960493606
"81","EC0308","EC03",0.488023476620325,0.274095505579923,0.862942423486504,0.772489960493606
"82","EC0309","EC03",0.488023476620325,0.274095505579923,0.862942423486504,0.772489960493606
"83","EC0310","EC03",0.488023476620325,0.274095505579923,0.862942423486504,0.772489960493606
"84","EC0311","EC03",0.488023476620325,0.274095505579923,0.862942423486504,0.772489960493606
"85","EC0312","EC03",0.488023476620325,0.274095505579923,0.862942423486504,0.772489960493606
"86","EC0313","EC03",0.488023476620325,0.274095505579923,0.862942423486504,0.772489960493606
"87","EC0314","EC03",0.488023476620325,0.274095505579923,0.862942423486504,0.772489960493606
"88","EC0315","EC03",0.488023476620325,0.274095505579923,0.862942423486504,0.772489960493606
"89","EC0316","EC03",0.488023476620325,0.274095505579923,0.862942423486504,0.772489960493606
"90","EC0317","EC03",0.488023476620325,0.274095505579923,0.862942423486504,0.772489960493606
"91","EC0318","EC03",0.488023476620325,0.274095505579923,0.862942423486504,0.772489960493606
"92","EC0318a","EC03",0.488023476620325,0.274095505579923,0.862942423486504,0.772489960493606
"93","EC0319","EC03",0.488023476620325,0.274095505579923,0.862942423486504,0.772489960493606
"94","EC0320","EC03",0.488023476620325,0.274095505579923,0.862942423486504,0.772489960493606
"95","EC0320a","EC03",0.488023476620325,0.274095505579923,0.862942423486504,0.772489960493606
"96","EC0321","EC03",0.488023476620325,0.274095505579923,0.862942423486504,0.772489960493606
"97","EC0322","EC03",0.488023476620325,0.274095505579923,0.862942423486504,0.772489960493606
"98","EC0323","EC03",0.488023476620325,0.274095505579923,0.862942423486504,0.772489960493606
"99","EC0324","EC03",0.488023476620325,0.274095505579923,0.862942423486504,0.772489960493606
"100","EC0324a","EC03",0.488023476620325,0.274095505579923,0.862942423486504,0.772489960493606
"101","EC0325","EC03",0.488023476620325,0.274095505579923,0.862942423486504,0.772489960493606
"102","EC0326","EC03",0.488023476620325,0.274095505579923,0.862942423486504,0.772489960493606
"103","EC0327","EC03",0.488023476620325,0.274095505579923,0.862942423486504,0.772489960493606
"104","EC0328","EC03",0.488023476620325,0.274095505579923,0.862942423486504,0.772489960493606
"105","EC0329","EC03",0.488023476620325,0.274095505579923,0.862942423486504,0.772489960493606
"106","EC0329a","EC03",0.488023476620325,0.274095505579923,0.862942423486504,0.772489960493606
"107","EC0330","EC03",0.488023476620325,0.274095505579923,0.862942423486504,0.772489960493606
"108","EC0331","EC03",0.488023476620325,0.274095505579923,0.862942423486504,0.772489960493606
"109","EC0332","EC03",0.488023476620325,0.274095505579923,0.862942423486504,0.772489960493606
"110","EC0401","EC04",0.488023476620325,0.274095505579923,0.862942423486504,0.772489960493606
"111","EC0402","EC04",0.488023476620325,0.274095505579923,0.862942423486504,0.772489960493606
"112","EC0403","EC04",0.488023476620325,0.274095505579923,0.862942423486504,0.772489960493606
"113","EC0404","EC04",0.488023476620325,0.274095505579923,0.862942423486504,0.772489960493606
"114","EC0405","EC04",0.488023476620325,0.274095505579923,0.862942423486504,0.772489960493606
"115","EC0406","EC04",0.488023476620325,0.274095505579923,0.862942423486504,0.772489960493606
"116","EC0407","EC04",0.488023476620325,0.274095505579923,0.862942423486504,0.772489960493606
"117","EC0408","EC04",0.488023476620325,0.274095505579923,0.862942423486504,0.772489960493606
"118","EC0409","EC04",0.488023476620325,0.274095505579923,0.862942423486504,0.772489960493606
"119","EC0410","EC04",0.488023476620325,0.274095505579923,0.862942423486504,0.772489960493606
"120","EC0411","EC04",0.488023476620325,0.274095505579923,0.862942423486504,0.772489960493606
"121","EC0412","EC04",0.488023476620325,0.274095505579923,0.862942423486504,0.772489960493606
"122","EC0413","EC04",0.488023476620325,0.274095505579923,0.862942423486504,0.772489960493606
"123","EC0414","EC04",0.488023476620325,0.274095505579923,0.862942423486504,0.772489960493606
"124","EC0415","EC04",0.488023476620325,0.274095505579923,0.862942423486504,0.772489960493606
"125","EC0416","EC04",0.488023476620325,0.274095505579923,0.862942423486504,0.772489960493606
"126","EC0417","EC04",0.488023476620325,0.274095505579923,0.862942423486504,0.772489960493606
"127","EC0418","EC04",0.488023476620325,0.274095505579923,0.862942423486504,0.772489960493606
"128","EC0419","EC04",0.488023476620325,0.274095505579923,0.862942423486504,0.772489960493606
"129","EC0420","EC04",0.488023476620325,0.274095505579923,0.862942423486504,0.772489960493606
"130","EC0421","EC04",0.488023476620325,0.274095505579923,0.862942423486504,0.772489960493606
"131","EC0422","EC04",0.488023476620325,0.274095505579923,0.862942423486504,0.772489960493606
"132","EC0423","EC04",0.488023476620325,0.274095505579923,0.862942423486504,0.772489960493606
"133","EC0424","EC04",0.488023476620325,0.274095505579923,0.862942423486504,0.772489960493606
"134","EC0425","EC04",0.488023476620325,0.274095505579923,0.862942423486504,0.772489960493606
"135","EC0426","EC04",0.488023476620325,0.274095505579923,0.862942423486504,0.772489960493606
"136","EC0427","EC04",0.488023476620325,0.274095505579923,0.862942423486504,0.772489960493606
"137","EC0428","EC04",0.488023476620325,0.274095505579923,0.862942423486504,0.772489960493606
"138","EC0429","EC04",0.488023476620325,0.274095505579923,0.862942423486504,0.772489960493606
"139","EC0430","EC04",0.488023476620325,0.274095505579923,0.862942423486504,0.772489960493606
"140","EC0431","EC04",0.488023476620325,0.274095505579923,0.862942423486504,0.772489960493606
"141","EC0432","EC04",0.488023476620325,0.274095505579923,0.862942423486504,0.772489960493606
"142","EC0501","EC05",0.488023476620325,0.274095505579923,0.862942423486504,0.772489960493606
"143","EC0502","EC05",0.488023476620325,0.274095505579923,0.862942423486504,0.772489960493606
"144","EC0502a","EC05",0.488023476620325,0.274095505579923,0.862942423486504,0.772489960493606
"145","EC0502b","EC05",0.488023476620325,0.274095505579923,0.862942423486504,0.772489960493606
"146","EC0502c","EC05",0.488023476620325,0.274095505579923,0.862942423486504,0.772489960493606
"147","EC0503","EC05",0.488023476620325,0.274095505579923,0.862942423486504,0.772489960493606
"148","EC0504","EC05",0.488023476620325,0.274095505579923,0.862942423486504,0.772489960493606
"149","EC0504a","EC05",0.488023476620325,0.274095505579923,0.862942423486504,0.772489960493606
"150","EC0505","EC05",0.488023476620325,0.274095505579923,0.862942423486504,0.772489960493606
"151","EC0506","EC05",0.488023476620325,0.274095505579923,0.862942423486504,0.772489960493606
"152","EC0506a","EC05",0.488023476620325,0.274095505579923,0.862942423486504,0.772489960493606
"153","EC0507","EC05",0.488023476620325,0.274095505579923,0.862942423486504,0.772489960493606
"154","EC0508","EC05",0.488023476620325,0.274095505579923,0.862942423486504,0.772489960493606
"155","EC0509","EC05",0.488023476620325,0.274095505579923,0.862942423486504,0.772489960493606
"156","EC0510","EC05",0.488023476620325,0.274095505579923,0.862942423486504,0.772489960493606
"157","EC0511","EC05",0.488023476620325,0.274095505579923,0.862942423486504,0.772489960493606
"158","EC0512","EC05",0.488023476620325,0.274095505579923,0.862942423486504,0.772489960493606
"159","EC0513","EC05",0.488023476620325,0.274095505579923,0.862942423486504,0.772489960493606
"160","EC0514","EC05",0.488023476620325,0.274095505579923,0.862942423486504,0.772489960493606
"161","EC0515","EC05",0.488023476620325,0.274095505579923,0.862942423486504,0.772489960493606
"162","EC0516","EC05",0.488023476620325,0.274095505579923,0.862942423486504,0.772489960493606
"163","EC0516a","EC05",0.488023476620325,0.274095505579923,0.862942423486504,0.772489960493606
"164","EC0517","EC05",0.488023476620325,0.274095505579923,0.862942423486504,0.772489960493606
"165","EC0517a","EC05",0.488023476620325,0.274095505579923,0.862942423486504,0.772489960493606
"166","EC0518","EC05",0.488023476620325,0.274095505579923,0.862942423486504,0.772489960493606
"167","EC0519","EC05",0.488023476620325,0.274095505579923,0.862942423486504,0.772489960493606
"168","EC0520","EC05",0.488023476620325,0.274095505579923,0.862942423486504,0.772489960493606
"169","EC0521","EC05",0.488023476620325,0.274095505579923,0.862942423486504,0.772489960493606
"170","EC0522","EC05",0.488023476620325,0.274095505579923,0.862942423486504,0.772489960493606
"171","EC0523","EC05",0.488023476620325,0.274095505579923,0.862942423486504,0.772489960493606
"172","EC0524","EC05",0.488023476620325,0.274095505579923,0.862942423486504,0.772489960493606
"173","EC0525","EC05",0.488023476620325,0.274095505579923,0.862942423486504,0.772489960493606
"174","EC0526","EC05",0.488023476620325,0.274095505579923,0.862942423486504,0.772489960493606
"175","EC0526a","EC05",0.488023476620325,0.274095505579923,0.862942423486504,0.772489960493606
"176","EC0526b","EC05",0.488023476620325,0.274095505579923,0.862942423486504,0.772489960493606
"177","EC0527","EC05",0.488023476620325,0.274095505579923,0.862942423486504,0.772489960493606
"178","EC0528","EC05",0.488023476620325,0.274095505579923,0.862942423486504,0.772489960493606
"179","EC0529","EC05",0.488023476620325,0.274095505579923,0.862942423486504,0.772489960493606
"180","EC0530","EC05",0.488023476620325,0.274095505579923,0.862942423486504,0.772489960493606
"181","EC0531","EC05",0.488023476620325,0.274095505579923,0.862942423486504,0.772489960493606
"182","EC0532","EC05",0.488023476620325,0.274095505579923,0.862942423486504,0.772489960493606
"183","EC0601","EC06",0.488023476620325,0.274095505579923,0.862942423486504,0.772489960493606
"184","EC0602","EC06",0.488023476620325,0.274095505579923,0.862942423486504,0.772489960493606
"185","EC0603","EC06",0.488023476620325,0.274095505579923,0.862942423486504,0.772489960493606
"186","EC0603a","EC06",0.488023476620325,0.274095505579923,0.862942423486504,0.772489960493606
"187","EC0604","EC06",0.488023476620325,0.274095505579923,0.862942423486504,0.772489960493606
"188","EC0604a","EC06",0.488023476620325,0.274095505579923,0.862942423486504,0.772489960493606
"189","EC0605","EC06",0.488023476620325,0.274095505579923,0.862942423486504,0.772489960493606
"190","EC0606","EC06",0.488023476620325,0.274095505579923,0.862942423486504,0.772489960493606
"191","EC0607","EC06",0.488023476620325,0.274095505579923,0.862942423486504,0.772489960493606
"192","EC0607a","EC06",0.488023476620325,0.274095505579923,0.862942423486504,0.772489960493606
"193","EC0608","EC06",0.488023476620325,0.274095505579923,0.862942423486504,0.772489960493606
"194","EC0609","EC06",0.488023476620325,0.274095505579923,0.862942423486504,0.772489960493606
"195","EC0610","EC06",0.488023476620325,0.274095505579923,0.862942423486504,0.772489960493606
"196","EC0611","EC06",0.488023476620325,0.274095505579923,0.862942423486504,0.772489960493606
"197","EC0612","EC06",0.488023476620325,0.274095505579923,0.862942423486504,0.772489960493606
"198","EC0613","EC06",0.488023476620325,0.274095505579923,0.862942423486504,0.772489960493606
"199","EC0614","EC06",0.488023476620325,0.274095505579923,0.862942423486504,0.772489960493606
"200","EC0614a","EC06",0.488023476620325,0.274095505579923,0.862942423486504,0.772489960493606
"201","EC0615","EC06",0.488023476620325,0.274095505579923,0.862942423486504,0.772489960493606
"202","EC0615a","EC06",0.488023476620325,0.274095505579923,0.862942423486504,0.772489960493606
"203","EC0616","EC06",0.488023476620325,0.274095505579923,0.862942423486504,0.772489960493606
"204","EC0616a","EC06",0.488023476620325,0.274095505579923,0.862942423486504,0.772489960493606
"205","EC0617","EC06",0.488023476620325,0.274095505579923,0.862942423486504,0.772489960493606
"206","EC0618","EC06",0.488023476620325,0.274095505579923,0.862942423486504,0.772489960493606
"207","EC0619","EC06",0.488023476620325,0.274095505579923,0.862942423486504,0.772489960493606
"208","EC0620","EC06",0.488023476620325,0.274095505579923,0.862942423486504,0.772489960493606
"209","EC0620a","EC06",0.488023476620325,0.274095505579923,0.862942423486504,0.772489960493606
"210","EC0621","EC06",0.488023476620325,0.274095505579923,0.862942423486504,0.772489960493606
"211","EC0622","EC06",0.488023476620325,0.274095505579923,0.862942423486504,0.772489960493606
"212","EC0623","EC06",0.488023476620325,0.274095505579923,0.862942423486504,0.772489960493606
"213","EC0624","EC06",0.488023476620325,0.274095505579923,0.862942423486504,0.772489960493606
"214","EC0624a","EC06",0.488023476620325,0.274095505579923,0.862942423486504,0.772489960493606
"215","EC0625","EC06",0.488023476620325,0.274095505579923,0.862942423486504,0.772489960493606
"216","EC0626","EC06",0.488023476620325,0.274095505579923,0.862942423486504,0.772489960493606
"217","EC0627","EC06",0.488023476620325,0.274095505579923,0.862942423486504,0.772489960493606
"218","EC0628","EC06",0.488023476620325,0.274095505579923,0.862942423486504,0.772489960493606
"219","EC0629","EC06",0.488023476620325,0.274095505579923,0.862942423486504,0.772489960493606
"220","EC0630","EC06",0.488023476620325,0.274095505579923,0.862942423486504,0.772489960493606
"221","EC0631","EC06",0.488023476620325,0.274095505579923,0.862942423486504,0.772489960493606
"222","EC0701","EC07",0.488023476620325,0.274095505579923,0.862942423486504,0.772489960493606
"223","EC0702","EC07",0.488023476620325,0.274095505579923,0.862942423486504,0.772489960493606
"224","EC0703","EC07",0.488023476620325,0.274095505579923,0.862942423486504,0.772489960493606
"225","EC0704","EC07",0.488023476620325,0.274095505579923,0.862942423486504,0.772489960493606
"226","EC0705","EC07",0.488023476620325,0.274095505579923,0.862942423486504,0.772489960493606
"227","EC0706","EC07",0.488023476620325,0.274095505579923,0.862942423486504,0.772489960493606
"228","EC0706a","EC07",0.488023476620325,0.274095505579923,0.862942423486504,0.772489960493606
"229","EC0707","EC07",0.488023476620325,0.274095505579923,0.862942423486504,0.772489960493606
"230","EC0708","EC07",0.488023476620325,0.274095505579923,0.862942423486504,0.772489960493606
"231","EC0708a","EC07",0.488023476620325,0.274095505579923,0.862942423486504,0.772489960493606
"232","EC0709","EC07",0.488023476620325,0.274095505579923,0.862942423486504,0.772489960493606
"233","EC0710","EC07",0.488023476620325,0.274095505579923,0.862942423486504,0.772489960493606
"234","EC0711","EC07",0.488023476620325,0.274095505579923,0.862942423486504,0.772489960493606
"235","EC0712","EC07",0.488023476620325,0.274095505579923,0.862942423486504,0.772489960493606
"236","EC0713","EC07",0.488023476620325,0.274095505579923,0.862942423486504,0.772489960493606
"237","EC0714","EC07",0.488023476620325,0.274095505579923,0.862942423486504,0.772489960493606
"238","EC0715","EC07",0.488023476620325,0.274095505579923,0.862942423486504,0.772489960493606
"239","EC0715a","EC07",0.488023476620325,0.274095505579923,0.862942423486504,0.772489960493606
"240","EC0716","EC07",0.488023476620325,0.274095505579923,0.862942423486504,0.772489960493606
"241","EC0717","EC07",0.488023476620325,0.274095505579923,0.862942423486504,0.772489960493606
"242","EC0717a","EC07",0.488023476620325,0.274095505579923,0.862942423486504,0.772489960493606
"243","EC0718","EC07",0.488023476620325,0.274095505579923,0.862942423486504,0.772489960493606
"244","EC0719","EC07",0.488023476620325,0.274095505579923,0.862942423486504,0.772489960493606
"245","EC0720","EC07",0.488023476620325,0.274095505579923,0.862942423486504,0.772489960493606
"246","EC0721","EC07",0.488023476620325,0.274095505579923,0.862942423486504,0.772489960493606
"247","EC0722","EC07",0.488023476620325,0.274095505579923,0.862942423486504,0.772489960493606
"248","EC0722a","EC07",0.488023476620325,0.274095505579923,0.862942423486504,0.772489960493606
"249","EC0723","EC07",0.488023476620325,0.274095505579923,0.862942423486504,0.772489960493606
"250","EC0724","EC07",0.488023476620325,0.274095505579923,0.862942423486504,0.772489960493606
"251","EC0725","EC07",0.488023476620325,0.274095505579923,0.862942423486504,0.772489960493606
"252","EC0725a","EC07",0.488023476620325,0.274095505579923,0.862942423486504,0.772489960493606
"253","EC0726","EC07",0.488023476620325,0.274095505579923,0.862942423486504,0.772489960493606
"254","EC0727","EC07",0.488023476620325,0.274095505579923,0.862942423486504,0.772489960493606
"255","EC0728","EC07",0.488023476620325,0.274095505579923,0.862942423486504,0.772489960493606
"256","EC0729","EC07",0.488023476620325,0.274095505579923,0.862942423486504,0.772489960493606
"257","EC0730","EC07",0.488023476620325,0.274095505579923,0.862942423486504,0.772489960493606
"258","EC0801","EC08",0.488023476620325,0.274095505579923,0.862942423486504,0.772489960493606
"259","EC0802","EC08",0.488023476620325,0.274095505579923,0.862942423486504,0.772489960493606
"260","EC0803","EC08",0.488023476620325,0.274095505579923,0.862942423486504,0.772489960493606
"261","EC0804","EC08",0.488023476620325,0.274095505579923,0.862942423486504,0.772489960493606
"262","EC0805","EC08",0.488023476620325,0.274095505579923,0.862942423486504,0.772489960493606
"263","EC0805a","EC08",0.488023476620325,0.274095505579923,0.862942423486504,0.772489960493606
"264","EC0806","EC08",0.488023476620325,0.274095505579923,0.862942423486504,0.772489960493606
"265","EC0807","EC08",0.488023476620325,0.274095505579923,0.862942423486504,0.772489960493606
"266","EC0808","EC08",0.488023476620325,0.274095505579923,0.862942423486504,0.772489960493606
"267","EC0809","EC08",0.488023476620325,0.274095505579923,0.862942423486504,0.772489960493606
"268","EC0810","EC08",0.488023476620325,0.274095505579923,0.862942423486504,0.772489960493606
"269","EC0811","EC08",0.488023476620325,0.274095505579923,0.862942423486504,0.772489960493606
"270","EC0812","EC08",0.488023476620325,0.274095505579923,0.862942423486504,0.772489960493606
"271","EC0813","EC08",0.488023476620325,0.274095505579923,0.862942423486504,0.772489960493606
"272","EC0814","EC08",0.488023476620325,0.274095505579923,0.862942423486504,0.772489960493606
"273","EC0815","EC08",0.488023476620325,0.274095505579923,0.862942423486504,0.772489960493606
"274","EC0815a","EC08",0.488023476620325,0.274095505579923,0.862942423486504,0.772489960493606
"275","EC0816","EC08",0.488023476620325,0.274095505579923,0.862942423486504,0.772489960493606
"276","EC0817","EC08",0.488023476620325,0.274095505579923,0.862942423486504,0.772489960493606
"277","EC0818","EC08",0.488023476620325,0.274095505579923,0.862942423486504,0.772489960493606
"278","EC0819","EC08",0.488023476620325,0.274095505579923,0.862942423486504,0.772489960493606
"279","EC0820","EC08",0.488023476620325,0.274095505579923,0.862942423486504,0.772489960493606
"280","EC0821","EC08",0.488023476620325,0.274095505579923,0.862942423486504,0.772489960493606
"281","EC0822","EC08",0.488023476620325,0.274095505579923,0.862942423486504,0.772489960493606
"282","EC0823","EC08",0.488023476620325,0.274095505579923,0.862942423486504,0.772489960493606
"283","EC0824","EC08",0.488023476620325,0.274095505579923,0.862942423486504,0.772489960493606
"284","EC0825","EC08",0.488023476620325,0.274095505579923,0.862942423486504,0.772489960493606
"285","EC0826","EC08",0.488023476620325,0.274095505579923,0.862942423486504,0.772489960493606
"286","EC0827","EC08",0.488023476620325,0.274095505579923,0.862942423486504,0.772489960493606
"287","EC0828","EC08",0.488023476620325,0.274095505579923,0.862942423486504,0.772489960493606
"288","EC0829","EC08",0.488023476620325,0.274095505579923,0.862942423486504,0.772489960493606
"289","EC0830","EC08",0.488023476620325,0.274095505579923,0.862942423486504,0.772489960493606
"290","EC0831","EC08",0.488023476620325,0.274095505579923,0.862942423486504,0.772489960493606
"291","EC0832","EC08",0.488023476620325,0.274095505579923,0.862942423486504,0.772489960493606
"292","EC0901","EC09",0.488023476620325,0.274095505579923,0.862942423486504,0.772489960493606
"293","EC0902","EC09",0.488023476620325,0.274095505579923,0.862942423486504,0.772489960493606
"294","EC0903","EC09",0.488023476620325,0.274095505579923,0.862942423486504,0.772489960493606
"295","EC0903a","EC09",0.488023476620325,0.274095505579923,0.862942423486504,0.772489960493606
"296","EC0904","EC09",0.488023476620325,0.274095505579923,0.862942423486504,0.772489960493606
"297","EC0905","EC09",0.488023476620325,0.274095505579923,0.862942423486504,0.772489960493606
"298","EC0905a","EC09",0.488023476620325,0.274095505579923,0.862942423486504,0.772489960493606
"299","EC0906","EC09",0.488023476620325,0.274095505579923,0.862942423486504,0.772489960493606
"300","EC0907","EC09",0.488023476620325,0.274095505579923,0.862942423486504,0.772489960493606
"301","EC0908","EC09",0.488023476620325,0.274095505579923,0.862942423486504,0.772489960493606
"302","EC0908a","EC09",0.488023476620325,0.274095505579923,0.862942423486504,0.772489960493606
"303","EC0909","EC09",0.488023476620325,0.274095505579923,0.862942423486504,0.772489960493606
"304","EC0910","EC09",0.488023476620325,0.274095505579923,0.862942423486504,0.772489960493606
"305","EC0911","EC09",0.488023476620325,0.274095505579923,0.862942423486504,0.772489960493606
"306","EC0912","EC09",0.488023476620325,0.274095505579923,0.862942423486504,0.772489960493606
"307","EC0913","EC09",0.488023476620325,0.274095505579923,0.862942423486504,0.772489960493606
"308","EC0914","EC09",0.488023476620325,0.274095505579923,0.862942423486504,0.772489960493606
"309","EC0915","EC09",0.488023476620325,0.274095505579923,0.862942423486504,0.772489960493606
"310","EC0916","EC09",0.488023476620325,0.274095505579923,0.862942423486504,0.772489960493606
"311","EC0917","EC09",0.488023476620325,0.274095505579923,0.862942423486504,0.772489960493606
"312","EC0918","EC09",0.488023476620325,0.274095505579923,0.862942423486504,0.772489960493606
"313","EC0919","EC09",0.488023476620325,0.274095505579923,0.862942423486504,0.772489960493606
"314","EC0920","EC09",0.488023476620325,0.274095505579923,0.862942423486504,0.772489960493606
"315","EC0920a","EC09",0.488023476620325,0.274095505579923,0.862942423486504,0.772489960493606
"316","EC0921","EC09",0.488023476620325,0.274095505579923,0.862942423486504,0.772489960493606
"317","EC0922","EC09",0.488023476620325,0.274095505579923,0.862942423486504,0.772489960493606
"318","EC0923","EC09",0.488023476620325,0.274095505579923,0.862942423486504,0.772489960493606
"319","EC0924","EC09",0.488023476620325,0.274095505579923,0.862942423486504,0.772489960493606
"320","EC0925","EC09",0.488023476620325,0.274095505579923,0.862942423486504,0.772489960493606
"321","EC0926","EC09",0.488023476620325,0.274095505579923,0.862942423486504,0.772489960493606
"322","EC0926a","EC09",0.488023476620325,0.274095505579923,0.862942423486504,0.772489960493606
"323","EC0927","EC09",0.488023476620325,0.274095505579923,0.862942423486504,0.772489960493606
"324","EC0928","EC09",0.488023476620325,0.274095505579923,0.862942423486504,0.772489960493606
"325","EC0929","EC09",0.488023476620325,0.274095505579923,0.862942423486504,0.772489960493606
"326","EC0930","EC09",0.488023476620325,0.274095505579923,0.862942423486504,0.772489960493606
"327","EC0931","EC09",0.488023476620325,0.274095505579923,0.862942423486504,0.772489960493606
"328","EC0932","EC09",0.488023476620325,0.274095505579923,0.862942423486504,0.772489960493606
"329","EC0933","EC09",0.488023476620325,0.274095505579923,0.862942423486504,0.772489960493606
"330","EC0934","EC09",0.488023476620325,0.274095505579923,0.862942423486504,0.772489960493606
"331","EC1001","EC10",0.488023476620325,0.274095505579923,0.862942423486504,0.772489960493606
"332","EC1001a","EC10",0.488023476620325,0.274095505579923,0.862942423486504,0.772489960493606
"333","EC1002","EC10",0.488023476620325,0.274095505579923,0.862942423486504,0.772489960493606
"334","EC1003","EC10",0.488023476620325,0.274095505579923,0.862942423486504,0.772489960493606
"335","EC1004","EC10",0.488023476620325,0.274095505579923,0.862942423486504,0.772489960493606
"336","EC1005","EC10",0.488023476620325,0.274095505579923,0.862942423486504,0.772489960493606
"337","EC1006","EC10",0.488023476620325,0.274095505579923,0.862942423486504,0.772489960493606
"338","EC1007","EC10",0.488023476620325,0.274095505579923,0.862942423486504,0.772489960493606
"339","EC1008","EC10",0.488023476620325,0.274095505579923,0.862942423486504,0.772489960493606
"340","EC1009","EC10",0.488023476620325,0.274095505579923,0.862942423486504,0.772489960493606
"341","EC1010","EC10",0.488023476620325,0.274095505579923,0.862942423486504,0.772489960493606
"342","EC1011","EC10",0.488023476620325,0.274095505579923,0.862942423486504,0.772489960493606
"343","EC1012","EC10",0.488023476620325,0.274095505579923,0.862942423486504,0.772489960493606
"344","EC1013","EC10",0.488023476620325,0.274095505579923,0.862942423486504,0.772489960493606
"345","EC1014","EC10",0.488023476620325,0.274095505579923,0.862942423486504,0.772489960493606
"346","EC1015","EC10",0.488023476620325,0.274095505579923,0.862942423486504,0.772489960493606
"347","EC1015a","EC10",0.488023476620325,0.274095505579923,0.862942423486504,0.772489960493606
"348","EC1016","EC10",0.488023476620325,0.274095505579923,0.862942423486504,0.772489960493606
"349","EC1017","EC10",0.488023476620325,0.274095505579923,0.862942423486504,0.772489960493606
"350","EC1018","EC10",0.488023476620325,0.274095505579923,0.862942423486504,0.772489960493606
"351","EC1018a","EC10",0.488023476620325,0.274095505579923,0.862942423486504,0.772489960493606
"352","EC1019","EC10",0.488023476620325,0.274095505579923,0.862942423486504,0.772489960493606
"353","EC1020","EC10",0.488023476620325,0.274095505579923,0.862942423486504,0.772489960493606
"354","EC1020a","EC10",0.488023476620325,0.274095505579923,0.862942423486504,0.772489960493606
"355","EC1021","EC10",0.488023476620325,0.274095505579923,0.862942423486504,0.772489960493606
"356","EC1022","EC10",0.488023476620325,0.274095505579923,0.862942423486504,0.772489960493606
"357","EC1023","EC10",0.488023476620325,0.274095505579923,0.862942423486504,0.772489960493606
"358","EC1024","EC10",0.488023476620325,0.274095505579923,0.862942423486504,0.772489960493606
"359","EC1025","EC10",0.488023476620325,0.274095505579923,0.862942423486504,0.772489960493606
"360","EC1026","EC10",0.488023476620325,0.274095505579923,0.862942423486504,0.772489960493606
"361","EC1027","EC10",0.488023476620325,0.274095505579923,0.862942423486504,0.772489960493606
"362","EC1028","EC10",0.488023476620325,0.274095505579923,0.862942423486504,0.772489960493606
"363","EC1028a","EC10",0.488023476620325,0.274095505579923,0.862942423486504,0.772489960493606
"364","EC1029","EC10",0.488023476620325,0.274095505579923,0.862942423486504,0.772489960493606
"365","EC1030","EC10",0.488023476620325,0.274095505579923,0.862942423486504,0.772489960493606
"366","EC1101","EC11",0.488023476620325,0.274095505579923,0.862942423486504,0.772489960493606
"367","EC1102","EC11",0.488023476620325,0.274095505579923,0.862942423486504,0.772489960493606
"368","EC1103","EC11",0.488023476620325,0.274095505579923,0.862942423486504,0.772489960493606
"369","EC1104","EC11",0.488023476620325,0.274095505579923,0.862942423486504,0.772489960493606
"370","EC1104a","EC11",0.488023476620325,0.274095505579923,0.862942423486504,0.772489960493606
"371","EC1105","EC11",0.488023476620325,0.274095505579923,0.862942423486504,0.772489960493606
"372","EC1106","EC11",0.488023476620325,0.274095505579923,0.862942423486504,0.772489960493606
"373","EC1107","EC11",0.488023476620325,0.274095505579923,0.862942423486504,0.772489960493606
"374","EC1108","EC11",0.488023476620325,0.274095505579923,0.862942423486504,0.772489960493606
"375","EC1109","EC11",0.488023476620325,0.274095505579923,0.862942423486504,0.772489960493606
"376","EC1109a","EC11",0.488023476620325,0.274095505579923,0.862942423486504,0.772489960493606
"377","EC1110","EC11",0.488023476620325,0.274095505579923,0.862942423486504,0.772489960493606
"378","EC1111","EC11",0.488023476620325,0.274095505579923,0.862942423486504,0.772489960493606
"379","EC1112","EC11",0.488023476620325,0.274095505579923,0.862942423486504,0.772489960493606
"380","EC1113","EC11",0.488023476620325,0.274095505579923,0.862942423486504,0.772489960493606
"381","EC1114","EC11",0.488023476620325,0.274095505579923,0.862942423486504,0.772489960493606
"382","EC1115","EC11",0.488023476620325,0.274095505579923,0.862942423486504,0.772489960493606
"383","EC1116","EC11",0.488023476620325,0.274095505579923,0.862942423486504,0.772489960493606
"384","EC1117","EC11",0.488023476620325,0.274095505579923,0.862942423486504,0.772489960493606
"385","EC1118","EC11",0.488023476620325,0.274095505579923,0.862942423486504,0.772489960493606
"386","EC1118a","EC11",0.488023476620325,0.274095505579923,0.862942423486504,0.772489960493606
"387","EC1118b","EC11",0.488023476620325,0.274095505579923,0.862942423486504,0.772489960493606
"388","EC1119","EC11",0.488023476620325,0.274095505579923,0.862942423486504,0.772489960493606
"389","EC1120","EC11",0.488023476620325,0.274095505579923,0.862942423486504,0.772489960493606
"390","EC1121","EC11",0.488023476620325,0.274095505579923,0.862942423486504,0.772489960493606
"391","EC1122","EC11",0.488023476620325,0.274095505579923,0.862942423486504,0.772489960493606
"392","EC1123","EC11",0.488023476620325,0.274095505579923,0.862942423486504,0.772489960493606
"393","EC1124","EC11",0.488023476620325,0.274095505579923,0.862942423486504,0.772489960493606
"394","EC1125","EC11",0.488023476620325,0.274095505579923,0.862942423486504,0.772489960493606
"395","EC1126","EC11",0.488023476620325,0.274095505579923,0.862942423486504,0.772489960493606
"396","EC1127","EC11",0.488023476620325,0.274095505579923,0.862942423486504,0.772489960493606
"397","EC1128","EC11",0.488023476620325,0.274095505579923,0.862942423486504,0.772489960493606
"398","EC1129","EC11",0.488023476620325,0.274095505579923,0.862942423486504,0.772489960493606
"399","EC1130","EC11",0.488023476620325,0.274095505579923,0.862942423486504,0.772489960493606
"400","EC1131","EC11",0.488023476620325,0.274095505579923,0.862942423486504,0.772489960493606
"401","EC1132","EC11",0.488023476620325,0.274095505579923,0.862942423486504,0.772489960493606
"402","EC1133","EC11",0.488023476620325,0.274095505579923,0.862942423486504,0.772489960493606
"403","EC1201","EC12",0.488023476620325,0.274095505579923,0.862942423486504,0.772489960493606
"404","EC1202","EC12",0.488023476620325,0.274095505579923,0.862942423486504,0.772489960493606
"405","EC1203","EC12",0.488023476620325,0.274095505579923,0.862942423486504,0.772489960493606
"406","EC1204","EC12",0.488023476620325,0.274095505579923,0.862942423486504,0.772489960493606
"407","EC1204a","EC12",0.488023476620325,0.274095505579923,0.862942423486504,0.772489960493606
"408","EC1205","EC12",0.488023476620325,0.274095505579923,0.862942423486504,0.772489960493606
"409","EC1206","EC12",0.488023476620325,0.274095505579923,0.862942423486504,0.772489960493606
"410","EC1207","EC12",0.488023476620325,0.274095505579923,0.862942423486504,0.772489960493606
"411","EC1208","EC12",0.488023476620325,0.274095505579923,0.862942423486504,0.772489960493606
"412","EC1209","EC12",0.488023476620325,0.274095505579923,0.862942423486504,0.772489960493606
"413","EC1209a","EC12",0.488023476620325,0.274095505579923,0.862942423486504,0.772489960493606
"414","EC1210","EC12",0.488023476620325,0.274095505579923,0.862942423486504,0.772489960493606
"415","EC1211","EC12",0.488023476620325,0.274095505579923,0.862942423486504,0.772489960493606
"416","EC1212","EC12",0.488023476620325,0.274095505579923,0.862942423486504,0.772489960493606
"417","EC1212a","EC12",0.488023476620325,0.274095505579923,0.862942423486504,0.772489960493606
"418","EC1213","EC12",0.488023476620325,0.274095505579923,0.862942423486504,0.772489960493606
"419","EC1213a","EC12",0.488023476620325,0.274095505579923,0.862942423486504,0.772489960493606
"420","EC1214","EC12",0.488023476620325,0.274095505579923,0.862942423486504,0.772489960493606
"421","EC1215","EC12",0.488023476620325,0.274095505579923,0.862942423486504,0.772489960493606
"422","EC1216","EC12",0.488023476620325,0.274095505579923,0.862942423486504,0.772489960493606
"423","EC1217","EC12",0.488023476620325,0.274095505579923,0.862942423486504,0.772489960493606
"424","EC1218","EC12",0.488023476620325,0.274095505579923,0.862942423486504,0.772489960493606
"425","EC1219","EC12",0.488023476620325,0.274095505579923,0.862942423486504,0.772489960493606
"426","EC1220","EC12",0.488023476620325,0.274095505579923,0.862942423486504,0.772489960493606
"427","EC1221","EC12",0.488023476620325,0.274095505579923,0.862942423486504,0.772489960493606
"428","EC1222","EC12",0.488023476620325,0.274095505579923,0.862942423486504,0.772489960493606
"429","EC1223","EC12",0.488023476620325,0.274095505579923,0.862942423486504,0.772489960493606
"430","EC1224","EC12",0.488023476620325,0.274095505579923,0.862942423486504,0.772489960493606
"431","EC1225","EC12",0.488023476620325,0.274095505579923,0.862942423486504,0.772489960493606
"432","EC1226","EC12",0.488023476620325,0.274095505579923,0.862942423486504,0.772489960493606
"433","EC1227","EC12",0.488023476620325,0.274095505579923,0.862942423486504,0.772489960493606
"434","EC1228","EC12",0.488023476620325,0.274095505579923,0.862942423486504,0.772489960493606
"435","EC1229","EC12",0.488023476620325,0.274095505579923,0.862942423486504,0.772489960493606
"436","EC1230","EC12",0.488023476620325,0.274095505579923,0.862942423486504,0.772489960493606
"437","EC1301","EC13",0.488023476620325,0.274095505579923,0.862942423486504,0.772489960493606
"438","EC1302","EC13",0.488023476620325,0.274095505579923,0.862942423486504,0.772489960493606
"439","EC1303","EC13",0.488023476620325,0.274095505579923,0.862942423486504,0.772489960493606
"440","EC1304","EC13",0.488023476620325,0.274095505579923,0.862942423486504,0.772489960493606
"441","EC1305","EC13",0.488023476620325,0.274095505579923,0.862942423486504,0.772489960493606
"442","EC1306","EC13",0.488023476620325,0.274095505579923,0.862942423486504,0.772489960493606
"443","EC1306a","EC13",0.488023476620325,0.274095505579923,0.862942423486504,0.772489960493606
"444","EC1307","EC13",0.488023476620325,0.274095505579923,0.862942423486504,0.772489960493606
"445","EC1308","EC13",0.488023476620325,0.274095505579923,0.862942423486504,0.772489960493606
"446","EC1308a","EC13",0.488023476620325,0.274095505579923,0.862942423486504,0.772489960493606
"447","EC1309","EC13",0.488023476620325,0.274095505579923,0.862942423486504,0.772489960493606
"448","EC1309a","EC13",0.488023476620325,0.274095505579923,0.862942423486504,0.772489960493606
"449","EC1309b","EC13",0.488023476620325,0.274095505579923,0.862942423486504,0.772489960493606
"450","EC1310","EC13",0.488023476620325,0.274095505579923,0.862942423486504,0.772489960493606
"451","EC1310a","EC13",0.488023476620325,0.274095505579923,0.862942423486504,0.772489960493606
"452","EC1311","EC13",0.488023476620325,0.274095505579923,0.862942423486504,0.772489960493606
"453","EC1312","EC13",0.488023476620325,0.274095505579923,0.862942423486504,0.772489960493606
"454","EC1313","EC13",0.488023476620325,0.274095505579923,0.862942423486504,0.772489960493606
"455","EC1314","EC13",0.488023476620325,0.274095505579923,0.862942423486504,0.772489960493606
"456","EC1315","EC13",0.488023476620325,0.274095505579923,0.862942423486504,0.772489960493606
"457","EC1316","EC13",0.488023476620325,0.274095505579923,0.862942423486504,0.772489960493606
"458","EC1316a","EC13",0.488023476620325,0.274095505579923,0.862942423486504,0.772489960493606
"459","EC1317","EC13",0.488023476620325,0.274095505579923,0.862942423486504,0.772489960493606
"460","EC1317a","EC13",0.488023476620325,0.274095505579923,0.862942423486504,0.772489960493606
"461","EC1318","EC13",0.488023476620325,0.274095505579923,0.862942423486504,0.772489960493606
"462","EC1319","EC13",0.488023476620325,0.274095505579923,0.862942423486504,0.772489960493606
"463","EC1320","EC13",0.488023476620325,0.274095505579923,0.862942423486504,0.772489960493606
"464","EC1320a","EC13",0.488023476620325,0.274095505579923,0.862942423486504,0.772489960493606
"465","EC1321","EC13",0.488023476620325,0.274095505579923,0.862942423486504,0.772489960493606
"466","EC1322","EC13",0.488023476620325,0.274095505579923,0.862942423486504,0.772489960493606
"467","EC1323","EC13",0.488023476620325,0.274095505579923,0.862942423486504,0.772489960493606
"468","EC1323a","EC13",0.488023476620325,0.274095505579923,0.862942423486504,0.772489960493606
"469","EC1324","EC13",0.488023476620325,0.274095505579923,0.862942423486504,0.772489960493606
"470","EC1325","EC13",0.488023476620325,0.274095505579923,0.862942423486504,0.772489960493606
"471","EC1326","EC13",0.488023476620325,0.274095505579923,0.862942423486504,0.772489960493606
"472","EC1327","EC13",0.488023476620325,0.274095505579923,0.862942423486504,0.772489960493606
"473","EC1328","EC13",0.488023476620325,0.274095505579923,0.862942423486504,0.772489960493606
"474","EC1329","EC13",0.488023476620325,0.274095505579923,0.862942423486504,0.772489960493606
"475","EC1330","EC13",0.488023476620325,0.274095505579923,0.862942423486504,0.772489960493606
"476","EC1331","EC13",0.488023476620325,0.274095505579923,0.862942423486504,0.772489960493606
"477","EC1332","EC13",0.488023476620325,0.274095505579923,0.862942423486504,0.772489960493606
"478","EC1401","EC14",0.488023476620325,0.274095505579923,0.862942423486504,0.772489960493606
"479","EC1402","EC14",0.488023476620325,0.274095505579923,0.862942423486504,0.772489960493606
"480","EC1402a","EC14",0.488023476620325,0.274095505579923,0.862942423486504,0.772489960493606
"481","EC1403","EC14",0.488023476620325,0.274095505579923,0.862942423486504,0.772489960493606
"482","EC1404","EC14",0.488023476620325,0.274095505579923,0.862942423486504,0.772489960493606
"483","EC1405","EC14",0.488023476620325,0.274095505579923,0.862942423486504,0.772489960493606
"484","EC1406","EC14",0.488023476620325,0.274095505579923,0.862942423486504,0.772489960493606
"485","EC1407","EC14",0.488023476620325,0.274095505579923,0.862942423486504,0.772489960493606
"486","EC1408","EC14",0.488023476620325,0.274095505579923,0.862942423486504,0.772489960493606
"487","EC1409","EC14",0.488023476620325,0.274095505579923,0.862942423486504,0.772489960493606
"488","EC1410","EC14",0.488023476620325,0.274095505579923,0.862942423486504,0.772489960493606
"489","EC1411","EC14",0.488023476620325,0.274095505579923,0.862942423486504,0.772489960493606
"490","EC1412","EC14",0.488023476620325,0.274095505579923,0.862942423486504,0.772489960493606
"491","EC1412a","EC14",0.488023476620325,0.274095505579923,0.862942423486504,0.772489960493606
"492","EC1413","EC14",0.488023476620325,0.274095505579923,0.862942423486504,0.772489960493606
"493","EC1414","EC14",0.488023476620325,0.274095505579923,0.862942423486504,0.772489960493606
"494","EC1415","EC14",0.488023476620325,0.274095505579923,0.862942423486504,0.772489960493606
"495","EC1416","EC14",0.488023476620325,0.274095505579923,0.862942423486504,0.772489960493606
"496","EC1416a","EC14",0.488023476620325,0.274095505579923,0.862942423486504,0.772489960493606
"497","EC1417","EC14",0.488023476620325,0.274095505579923,0.862942423486504,0.772489960493606
"498","EC1418","EC14",0.488023476620325,0.274095505579923,0.862942423486504,0.772489960493606
"499","EC1419","EC14",0.488023476620325,0.274095505579923,0.862942423486504,0.772489960493606
"500","EC1420","EC14",0.488023476620325,0.274095505579923,0.862942423486504,0.772489960493606
"501","EC1421","EC14",0.488023476620325,0.274095505579923,0.862942423486504,0.772489960493606
"502","EC1422","EC14",0.488023476620325,0.274095505579923,0.862942423486504,0.772489960493606
"503","EC1423","EC14",0.488023476620325,0.274095505579923,0.862942423486504,0.772489960493606
"504","EC1424","EC14",0.488023476620325,0.274095505579923,0.862942423486504,0.772489960493606
"505","EC1425","EC14",0.488023476620325,0.274095505579923,0.862942423486504,0.772489960493606
"506","EC1426","EC14",0.488023476620325,0.274095505579923,0.862942423486504,0.772489960493606
"507","EC1427","EC14",0.488023476620325,0.274095505579923,0.862942423486504,0.772489960493606
"508","EC1428","EC14",0.488023476620325,0.274095505579923,0.862942423486504,0.772489960493606
"509","EC1428a","EC14",0.488023476620325,0.274095505579923,0.862942423486504,0.772489960493606
"510","EC1429","EC14",0.488023476620325,0.274095505579923,0.862942423486504,0.772489960493606
"511","EC1429a","EC14",0.488023476620325,0.274095505579923,0.862942423486504,0.772489960493606
"512","EC1430","EC14",0.488023476620325,0.274095505579923,0.862942423486504,0.772489960493606
"513","EC1501","EC15",0.488023476620325,0.274095505579923,0.862942423486504,0.772489960493606
"514","EC1502","EC15",0.488023476620325,0.274095505579923,0.862942423486504,0.772489960493606
"515","EC1503","EC15",0.488023476620325,0.274095505579923,0.862942423486504,0.772489960493606
"516","EC1504","EC15",0.488023476620325,0.274095505579923,0.862942423486504,0.772489960493606
"517","EC1504a","EC15",0.488023476620325,0.274095505579923,0.862942423486504,0.772489960493606
"518","EC1505","EC15",0.488023476620325,0.274095505579923,0.862942423486504,0.772489960493606
"519","EC1506","EC15",0.488023476620325,0.274095505579923,0.862942423486504,0.772489960493606
"520","EC1507","EC15",0.488023476620325,0.274095505579923,0.862942423486504,0.772489960493606
"521","EC1508","EC15",0.488023476620325,0.274095505579923,0.862942423486504,0.772489960493606
"522","EC1509","EC15",0.488023476620325,0.274095505579923,0.862942423486504,0.772489960493606
"523","EC1510","EC15",0.488023476620325,0.274095505579923,0.862942423486504,0.772489960493606
"524","EC1511","EC15",0.488023476620325,0.274095505579923,0.862942423486504,0.772489960493606
"525","EC1512","EC15",0.488023476620325,0.274095505579923,0.862942423486504,0.772489960493606
"526","EC1513","EC15",0.488023476620325,0.274095505579923,0.862942423486504,0.772489960493606
"527","EC1514","EC15",0.488023476620325,0.274095505579923,0.862942423486504,0.772489960493606
"528","EC1515","EC15",0.488023476620325,0.274095505579923,0.862942423486504,0.772489960493606
"529","EC1516","EC15",0.488023476620325,0.274095505579923,0.862942423486504,0.772489960493606
"530","EC1517","EC15",0.488023476620325,0.274095505579923,0.862942423486504,0.772489960493606
"531","EC1518","EC15",0.488023476620325,0.274095505579923,0.862942423486504,0.772489960493606
"532","EC1518a","EC15",0.488023476620325,0.274095505579923,0.862942423486504,0.772489960493606
"533","EC1519","EC15",0.488023476620325,0.274095505579923,0.862942423486504,0.772489960493606
"534","EC1520","EC15",0.488023476620325,0.274095505579923,0.862942423486504,0.772489960493606
"535","EC1521","EC15",0.488023476620325,0.274095505579923,0.862942423486504,0.772489960493606
"536","EC1522","EC15",0.488023476620325,0.274095505579923,0.862942423486504,0.772489960493606
"537","EC1523","EC15",0.488023476620325,0.274095505579923,0.862942423486504,0.772489960493606
"538","EC1524","EC15",0.488023476620325,0.274095505579923,0.862942423486504,0.772489960493606
"539","EC1524a","EC15",0.488023476620325,0.274095505579923,0.862942423486504,0.772489960493606
"540","EC1525","EC15",0.488023476620325,0.274095505579923,0.862942423486504,0.772489960493606
"541","EC1525a","EC15",0.488023476620325,0.274095505579923,0.862942423486504,0.772489960493606
"542","EC1526","EC15",0.488023476620325,0.274095505579923,0.862942423486504,0.772489960493606
"543","EC1527","EC15",0.488023476620325,0.274095505579923,0.862942423486504,0.772489960493606
"544","EC1528","EC15",0.488023476620325,0.274095505579923,0.862942423486504,0.772489960493606
"545","EC1529","EC15",0.488023476620325,0.274095505579923,0.862942423486504,0.772489960493606
"546","EC1530","EC15",0.488023476620325,0.274095505579923,0.862942423486504,0.772489960493606
"547","EC1530a","EC15",0.488023476620325,0.274095505579923,0.862942423486504,0.772489960493606
"548","EC1530b","EC15",0.488023476620325,0.274095505579923,0.862942423486504,0.772489960493606
"549","EC1601","EC16",0.488023476620325,0.274095505579923,0.862942423486504,0.772489960493606
"550","EC1602","EC16",0.488023476620325,0.274095505579923,0.862942423486504,0.772489960493606
"551","EC1603","EC16",0.488023476620325,0.274095505579923,0.862942423486504,0.772489960493606
"552","EC1604","EC16",0.488023476620325,0.274095505579923,0.862942423486504,0.772489960493606
"553","EC1605","EC16",0.488023476620325,0.274095505579923,0.862942423486504,0.772489960493606
"554","EC1606","EC16",0.488023476620325,0.274095505579923,0.862942423486504,0.772489960493606
"555","EC1607","EC16",0.488023476620325,0.274095505579923,0.862942423486504,0.772489960493606
"556","EC1607a","EC16",0.488023476620325,0.274095505579923,0.862942423486504,0.772489960493606
"557","EC1608","EC16",0.488023476620325,0.274095505579923,0.862942423486504,0.772489960493606
"558","EC1609","EC16",0.488023476620325,0.274095505579923,0.862942423486504,0.772489960493606
"559","EC1610","EC16",0.488023476620325,0.274095505579923,0.862942423486504,0.772489960493606
"560","EC1611","EC16",0.488023476620325,0.274095505579923,0.862942423486504,0.772489960493606
"561","EC1611a","EC16",0.488023476620325,0.274095505579923,0.862942423486504,0.772489960493606
"562","EC1612","EC16",0.488023476620325,0.274095505579923,0.862942423486504,0.772489960493606
"563","EC1613","EC16",0.488023476620325,0.274095505579923,0.862942423486504,0.772489960493606
"564","EC1614","EC16",0.488023476620325,0.274095505579923,0.862942423486504,0.772489960493606
"565","EC1615","EC16",0.488023476620325,0.274095505579923,0.862942423486504,0.772489960493606
"566","EC1616","EC16",0.488023476620325,0.274095505579923,0.862942423486504,0.772489960493606
"567","EC1617","EC16",0.488023476620325,0.274095505579923,0.862942423486504,0.772489960493606
"568","EC1618","EC16",0.488023476620325,0.274095505579923,0.862942423486504,0.772489960493606
"569","EC1619","EC16",0.488023476620325,0.274095505579923,0.862942423486504,0.772489960493606
"570","EC1620","EC16",0.488023476620325,0.274095505579923,0.862942423486504,0.772489960493606
"571","EC1621","EC16",0.488023476620325,0.274095505579923,0.862942423486504,0.772489960493606
"572","EC1622","EC16",0.488023476620325,0.274095505579923,0.862942423486504,0.772489960493606
"573","EC1623","EC16",0.488023476620325,0.274095505579923,0.862942423486504,0.772489960493606
"574","EC1624","EC16",0.488023476620325,0.274095505579923,0.862942423486504,0.772489960493606
"575","EC1625","EC16",0.488023476620325,0.274095505579923,0.862942423486504,0.772489960493606
"576","EC1626","EC16",0.488023476620325,0.274095505579923,0.862942423486504,0.772489960493606
"577","EC1626a","EC16",0.488023476620325,0.274095505579923,0.862942423486504,0.772489960493606
"578","EC1627","EC16",0.488023476620325,0.274095505579923,0.862942423486504,0.772489960493606
"579","EC1627a","EC16",0.488023476620325,0.274095505579923,0.862942423486504,0.772489960493606
"580","EC1628","EC16",0.488023476620325,0.274095505579923,0.862942423486504,0.772489960493606
"581","EC1629","EC16",0.488023476620325,0.274095505579923,0.862942423486504,0.772489960493606
"582","EC1629a","EC16",0.488023476620325,0.274095505579923,0.862942423486504,0.772489960493606
"583","EC1630","EC16",0.488023476620325,0.274095505579923,0.862942423486504,0.772489960493606
"584","EC1701","EC17",0.488023476620325,0.274095505579923,0.862942423486504,0.772489960493606
"585","EC1702","EC17",0.488023476620325,0.274095505579923,0.862942423486504,0.772489960493606
"586","EC1703","EC17",0.488023476620325,0.274095505579923,0.862942423486504,0.772489960493606
"587","EC1704","EC17",0.488023476620325,0.274095505579923,0.862942423486504,0.772489960493606
"588","EC1705","EC17",0.488023476620325,0.274095505579923,0.862942423486504,0.772489960493606
"589","EC1706","EC17",0.488023476620325,0.274095505579923,0.862942423486504,0.772489960493606
"590","EC1706a","EC17",0.488023476620325,0.274095505579923,0.862942423486504,0.772489960493606
"591","EC1707","EC17",0.488023476620325,0.274095505579923,0.862942423486504,0.772489960493606
"592","EC1708","EC17",0.488023476620325,0.274095505579923,0.862942423486504,0.772489960493606
"593","EC1709","EC17",0.488023476620325,0.274095505579923,0.862942423486504,0.772489960493606
"594","EC1709a","EC17",0.488023476620325,0.274095505579923,0.862942423486504,0.772489960493606
"595","EC1709b","EC17",0.488023476620325,0.274095505579923,0.862942423486504,0.772489960493606
"596","EC1710","EC17",0.488023476620325,0.274095505579923,0.862942423486504,0.772489960493606
"597","EC1711","EC17",0.488023476620325,0.274095505579923,0.862942423486504,0.772489960493606
"598","EC1711a","EC17",0.488023476620325,0.274095505579923,0.862942423486504,0.772489960493606
"599","EC1712","EC17",0.488023476620325,0.274095505579923,0.862942423486504,0.772489960493606
"600","EC1713","EC17",0.488023476620325,0.274095505579923,0.862942423486504,0.772489960493606
"601","EC1714","EC17",0.488023476620325,0.274095505579923,0.862942423486504,0.772489960493606
"602","EC1715","EC17",0.488023476620325,0.274095505579923,0.862942423486504,0.772489960493606
"603","EC1716","EC17",0.488023476620325,0.274095505579923,0.862942423486504,0.772489960493606
"604","EC1717","EC17",0.488023476620325,0.274095505579923,0.862942423486504,0.772489960493606
"605","EC1718","EC17",0.488023476620325,0.274095505579923,0.862942423486504,0.772489960493606
"606","EC1719","EC17",0.488023476620325,0.274095505579923,0.862942423486504,0.772489960493606
"607","EC1719a","EC17",0.488023476620325,0.274095505579923,0.862942423486504,0.772489960493606
"608","EC1720","EC17",0.488023476620325,0.274095505579923,0.862942423486504,0.772489960493606
"609","EC1721","EC17",0.488023476620325,0.274095505579923,0.862942423486504,0.772489960493606
"610","EC1722","EC17",0.488023476620325,0.274095505579923,0.862942423486504,0.772489960493606
"611","EC1723","EC17",0.488023476620325,0.274095505579923,0.862942423486504,0.772489960493606
"612","EC1724","EC17",0.488023476620325,0.274095505579923,0.862942423486504,0.772489960493606
"613","EC1725","EC17",0.488023476620325,0.274095505579923,0.862942423486504,0.772489960493606
"614","EC1726","EC17",0.488023476620325,0.274095505579923,0.862942423486504,0.772489960493606
"615","EC1726a","EC17",0.488023476620325,0.274095505579923,0.862942423486504,0.772489960493606
"616","EC1727","EC17",0.488023476620325,0.274095505579923,0.862942423486504,0.772489960493606
"617","EC1728","EC17",0.488023476620325,0.274095505579923,0.862942423486504,0.772489960493606
"618","EC1729","EC17",0.488023476620325,0.274095505579923,0.862942423486504,0.772489960493606
"619","EC1730","EC17",0.488023476620325,0.274095505579923,0.862942423486504,0.772489960493606
"620","EC1801","EC18",0.488023476620325,0.274095505579923,0.862942423486504,0.772489960493606
"621","EC1802","EC18",0.488023476620325,0.274095505579923,0.862942423486504,0.772489960493606
"622","EC1802a","EC18",0.488023476620325,0.274095505579923,0.862942423486504,0.772489960493606
"623","EC1803","EC18",0.488023476620325,0.274095505579923,0.862942423486504,0.772489960493606
"624","EC1804","EC18",0.488023476620325,0.274095505579923,0.862942423486504,0.772489960493606
"625","EC1805","EC18",0.488023476620325,0.274095505579923,0.862942423486504,0.772489960493606
"626","EC1805a","EC18",0.488023476620325,0.274095505579923,0.862942423486504,0.772489960493606
"627","EC1806","EC18",0.488023476620325,0.274095505579923,0.862942423486504,0.772489960493606
"628","EC1807","EC18",0.488023476620325,0.274095505579923,0.862942423486504,0.772489960493606
"629","EC1808","EC18",0.488023476620325,0.274095505579923,0.862942423486504,0.772489960493606
"630","EC1809","EC18",0.488023476620325,0.274095505579923,0.862942423486504,0.772489960493606
"631","EC1810","EC18",0.488023476620325,0.274095505579923,0.862942423486504,0.772489960493606
"632","EC1811","EC18",0.488023476620325,0.274095505579923,0.862942423486504,0.772489960493606
"633","EC1812","EC18",0.488023476620325,0.274095505579923,0.862942423486504,0.772489960493606
"634","EC1813","EC18",0.488023476620325,0.274095505579923,0.862942423486504,0.772489960493606
"635","EC1813a","EC18",0.488023476620325,0.274095505579923,0.862942423486504,0.772489960493606
"636","EC1814","EC18",0.488023476620325,0.274095505579923,0.862942423486504,0.772489960493606
"637","EC1814a","EC18",0.488023476620325,0.274095505579923,0.862942423486504,0.772489960493606
"638","EC1815","EC18",0.488023476620325,0.274095505579923,0.862942423486504,0.772489960493606
"639","EC1816","EC18",0.488023476620325,0.274095505579923,0.862942423486504,0.772489960493606
"640","EC1817","EC18",0.488023476620325,0.274095505579923,0.862942423486504,0.772489960493606
"641","EC1818","EC18",0.488023476620325,0.274095505579923,0.862942423486504,0.772489960493606
"642","EC1819","EC18",0.488023476620325,0.274095505579923,0.862942423486504,0.772489960493606
"643","EC1820","EC18",0.488023476620325,0.274095505579923,0.862942423486504,0.772489960493606
"644","EC1821","EC18",0.488023476620325,0.274095505579923,0.862942423486504,0.772489960493606
"645","EC1822","EC18",0.488023476620325,0.274095505579923,0.862942423486504,0.772489960493606
"646","EC1823","EC18",0.488023476620325,0.274095505579923,0.862942423486504,0.772489960493606
"647","EC1824","EC18",0.488023476620325,0.274095505579923,0.862942423486504,0.772489960493606
"648","EC1825","EC18",0.488023476620325,0.274095505579923,0.862942423486504,0.772489960493606
"649","EC1826","EC18",0.488023476620325,0.274095505579923,0.862942423486504,0.772489960493606
"650","EC1827","EC18",0.488023476620325,0.274095505579923,0.862942423486504,0.772489960493606
"651","EC1828","EC18",0.488023476620325,0.274095505579923,0.862942423486504,0.772489960493606
"652","EC1828a","EC18",0.488023476620325,0.274095505579923,0.862942423486504,0.772489960493606
"653","EC1829","EC18",0.488023476620325,0.274095505579923,0.862942423486504,0.772489960493606
"654","EC1830","EC18",0.488023476620325,0.274095505579923,0.862942423486504,0.772489960493606
"655","EC1901","EC19",0.488023476620325,0.274095505579923,0.862942423486504,0.772489960493606
"656","EC1902","EC19",0.488023476620325,0.274095505579923,0.862942423486504,0.772489960493606
"657","EC1903","EC19",0.488023476620325,0.274095505579923,0.862942423486504,0.772489960493606
"658","EC1904","EC19",0.488023476620325,0.274095505579923,0.862942423486504,0.772489960493606
"659","EC1904a","EC19",0.488023476620325,0.274095505579923,0.862942423486504,0.772489960493606
"660","EC1905","EC19",0.488023476620325,0.274095505579923,0.862942423486504,0.772489960493606
"661","EC1906","EC19",0.488023476620325,0.274095505579923,0.862942423486504,0.772489960493606
"662","EC1907","EC19",0.488023476620325,0.274095505579923,0.862942423486504,0.772489960493606
"663","EC1908","EC19",0.488023476620325,0.274095505579923,0.862942423486504,0.772489960493606
"664","EC1909","EC19",0.488023476620325,0.274095505579923,0.862942423486504,0.772489960493606
"665","EC1910","EC19",0.488023476620325,0.274095505579923,0.862942423486504,0.772489960493606
"666","EC1911","EC19",0.488023476620325,0.274095505579923,0.862942423486504,0.772489960493606
"667","EC1912","EC19",0.488023476620325,0.274095505579923,0.862942423486504,0.772489960493606
"668","EC1913","EC19",0.488023476620325,0.274095505579923,0.862942423486504,0.772489960493606
"669","EC1914","EC19",0.488023476620325,0.274095505579923,0.862942423486504,0.772489960493606
"670","EC1915","EC19",0.488023476620325,0.274095505579923,0.862942423486504,0.772489960493606
"671","EC1916","EC19",0.488023476620325,0.274095505579923,0.862942423486504,0.772489960493606
"672","EC1917","EC19",0.488023476620325,0.274095505579923,0.862942423486504,0.772489960493606
"673","EC1918","EC19",0.488023476620325,0.274095505579923,0.862942423486504,0.772489960493606
"674","EC1919","EC19",0.488023476620325,0.274095505579923,0.862942423486504,0.772489960493606
"675","EC1920","EC19",0.488023476620325,0.274095505579923,0.862942423486504,0.772489960493606
"676","EC1921","EC19",0.488023476620325,0.274095505579923,0.862942423486504,0.772489960493606
"677","EC1922","EC19",0.488023476620325,0.274095505579923,0.862942423486504,0.772489960493606
"678","EC1923","EC19",0.488023476620325,0.274095505579923,0.862942423486504,0.772489960493606
"679","EC1924","EC19",0.488023476620325,0.274095505579923,0.862942423486504,0.772489960493606
"680","EC1925","EC19",0.488023476620325,0.274095505579923,0.862942423486504,0.772489960493606
"681","EC1926","EC19",0.488023476620325,0.274095505579923,0.862942423486504,0.772489960493606
"682","EC1927","EC19",0.488023476620325,0.274095505579923,0.862942423486504,0.772489960493606
"683","EC1928","EC19",0.488023476620325,0.274095505579923,0.862942423486504,0.772489960493606
"684","EC1929","EC19",0.488023476620325,0.274095505579923,0.862942423486504,0.772489960493606
"685","EC1930","EC19",0.488023476620325,0.274095505579923,0.862942423486504,0.772489960493606
"686","EC2001","EC20",0.488023476620325,0.274095505579923,0.862942423486504,0.772489960493606
"687","EC2002","EC20",0.488023476620325,0.274095505579923,0.862942423486504,0.772489960493606
"688","EC2003","EC20",0.488023476620325,0.274095505579923,0.862942423486504,0.772489960493606
"689","EC2004","EC20",0.488023476620325,0.274095505579923,0.862942423486504,0.772489960493606
"690","EC2005","EC20",0.488023476620325,0.274095505579923,0.862942423486504,0.772489960493606
"691","EC2006","EC20",0.488023476620325,0.274095505579923,0.862942423486504,0.772489960493606
"692","EC2007","EC20",0.488023476620325,0.274095505579923,0.862942423486504,0.772489960493606
"693","EC2008","EC20",0.488023476620325,0.274095505579923,0.862942423486504,0.772489960493606
"694","EC2009","EC20",0.488023476620325,0.274095505579923,0.862942423486504,0.772489960493606
"695","EC2010","EC20",0.488023476620325,0.274095505579923,0.862942423486504,0.772489960493606
"696","EC2011","EC20",0.488023476620325,0.274095505579923,0.862942423486504,0.772489960493606
"697","EC2012","EC20",0.488023476620325,0.274095505579923,0.862942423486504,0.772489960493606
"698","EC2013","EC20",0.488023476620325,0.274095505579923,0.862942423486504,0.772489960493606
"699","EC2014","EC20",0.488023476620325,0.274095505579923,0.862942423486504,0.772489960493606
"700","EC2015","EC20",0.488023476620325,0.274095505579923,0.862942423486504,0.772489960493606
"701","EC2016","EC20",0.488023476620325,0.274095505579923,0.862942423486504,0.772489960493606
"702","EC2017","EC20",0.488023476620325,0.274095505579923,0.862942423486504,0.772489960493606
"703","EC2018","EC20",0.488023476620325,0.274095505579923,0.862942423486504,0.772489960493606
"704","EC2019","EC20",0.488023476620325,0.274095505579923,0.862942423486504,0.772489960493606
"705","EC2019a","EC20",0.488023476620325,0.274095505579923,0.862942423486504,0.772489960493606
"706","EC2020","EC20",0.488023476620325,0.274095505579923,0.862942423486504,0.772489960493606
"707","EC2021","EC20",0.488023476620325,0.274095505579923,0.862942423486504,0.772489960493606
"708","EC2022","EC20",0.488023476620325,0.274095505579923,0.862942423486504,0.772489960493606
"709","EC2023","EC20",0.488023476620325,0.274095505579923,0.862942423486504,0.772489960493606
"710","EC2024","EC20",0.488023476620325,0.274095505579923,0.862942423486504,0.772489960493606
"711","EC2025","EC20",0.488023476620325,0.274095505579923,0.862942423486504,0.772489960493606
"712","EC2025a","EC20",0.488023476620325,0.274095505579923,0.862942423486504,0.772489960493606
"713","EC2025b","EC20",0.488023476620325,0.274095505579923,0.862942423486504,0.772489960493606
"714","EC2026","EC20",0.488023476620325,0.274095505579923,0.862942423486504,0.772489960493606
"715","EC2027","EC20",0.488023476620325,0.274095505579923,0.862942423486504,0.772489960493606
"716","EC2028","EC20",0.488023476620325,0.274095505579923,0.862942423486504,0.772489960493606
"717","EC2028a","EC20",0.488023476620325,0.274095505579923,0.862942423486504,0.772489960493606
"718","EC2029","EC20",0.488023476620325,0.274095505579923,0.862942423486504,0.772489960493606
"719","EC2030","EC20",0.488023476620325,0.274095505579923,0.862942423486504,0.772489960493606
